ID,GRIDCODE,ORIG_FID,Join_Count,TARGET_FID,FLD_ZONE,STATIC_BFE,ABFE_0_2Pc,Shape_Leng,Shape_Area
2,900,0,0,0,,0,0,0,0
4,900,1,0,0,,0,0,0,0
5,900,2,0,0,,0,0,0,0
6,1200,3,0,0,,0,0,0,0
7,1200,4,0,0,,0,0,0,0
8,900,5,0,0,,0,0,0,0
9,1200,6,0,0,,0,0,0,0
10,900,7,0,0,,0,0,0,0
11,900,8,0,0,,0,0,0,0
12,900,9,0,0,,0,0,0,0
13,900,10,0,0,,0,0,0,0
14,900,11,0,0,,0,0,0,0
15,1000,12,0,0,,0,0,0,0
16,1300,13,0,0,,0,0,0,0
17,900,14,0,0,,0,0,0,0
26,1300,15,0,0,,0,0,0,0
27,1300,16,0,0,,0,0,0,0
34,1300,17,0,0,,0,0,0,0
35,1300,18,0,0,,0,0,0,0
38,900,19,0,0,,0,0,0,0
40,1300,20,0,0,,0,0,0,0
43,1300,21,0,0,,0,0,0,0
45,900,22,0,0,,0,0,0,0
55,1300,23,0,0,,0,0,0,0
58,900,24,0,0,,0,0,0,0
60,1300,25,0,0,,0,0,0,0
62,1300,26,0,0,,0,0,0,0
79,1300,27,0,0,,0,0,0,0
80,1300,28,0,0,,0,0,0,0
81,1300,29,0,0,,0,0,0,0
82,1300,30,0,0,,0,0,0,0
86,1300,31,0,0,,0,0,0,0
93,1500,32,0,0,,0,0,0,0
94,900,33,0,0,,0,0,0,0
108,1200,34,0,0,,0,0,0,0
133,1300,35,0,0,,0,0,0,0
136,1600,36,0,0,,0,0,0,0
143,1400,37,0,0,,0,0,0,0
158,1300,38,0,0,,0,0,0,0
167,1000,39,0,0,,0,0,0,0
168,1500,40,0,0,,0,0,0,0
174,1000,41,0,0,,0,0,0,0
181,1400,42,0,0,,0,0,0,0
184,1000,43,0,0,,0,0,0,0
187,1000,44,0,0,,0,0,0,0
188,1000,45,0,0,,0,0,0,0
189,1000,46,0,0,,0,0,0,0
190,1000,47,0,0,,0,0,0,0
193,1000,48,0,0,,0,0,0,0
194,1000,49,0,0,,0,0,0,0
195,1000,50,0,0,,0,0,0,0
196,1000,51,0,0,,0,0,0,0
198,1300,52,0,0,,0,0,0,0
201,1300,53,0,0,,0,0,0,0
203,1700,54,0,0,,0,0,0,0
208,1400,55,0,0,,0,0,0,0
209,1200,56,0,0,,0,0,0,0
211,1900,57,0,0,,0,0,0,0
213,1300,58,0,0,,0,0,0,0
221,1600,59,0,0,,0,0,0,0
223,1300,60,0,0,,0,0,0,0
225,1300,61,0,0,,0,0,0,0
230,1300,62,0,0,,0,0,0,0
234,1400,63,0,0,,0,0,0,0
235,1000,64,0,0,,0,0,0,0
237,1300,65,0,0,,0,0,0,0
243,1100,66,0,0,,0,0,0,0
248,1000,67,0,0,,0,0,0,0
253,1500,68,0,0,,0,0,0,0
256,1300,69,0,0,,0,0,0,0
257,1300,70,0,0,,0,0,0,0
259,1400,71,0,0,,0,0,0,0
261,1300,72,0,0,,0,0,0,0
262,1400,73,0,0,,0,0,0,0
263,1000,74,0,0,,0,0,0,0
264,1300,75,0,0,,0,0,0,0
265,1500,76,0,0,,0,0,0,0
266,1400,77,0,0,,0,0,0,0
268,1400,78,0,0,,0,0,0,0
269,1700,79,0,0,,0,0,0,0
270,1300,80,0,0,,0,0,0,0
271,1600,81,0,0,,0,0,0,0
272,1400,82,0,0,,0,0,0,0
273,1500,83,0,0,,0,0,0,0
274,1400,84,0,0,,0,0,0,0
275,1400,85,0,0,,0,0,0,0
278,1300,86,0,0,,0,0,0,0
279,1300,87,0,0,,0,0,0,0
280,1300,88,0,0,,0,0,0,0
285,1500,89,0,0,,0,0,0,0
288,1400,90,0,0,,0,0,0,0
290,1500,91,0,0,,0,0,0,0
292,1000,92,0,0,,0,0,0,0
294,1400,93,0,0,,0,0,0,0
295,1500,94,0,0,,0,0,0,0
296,1500,95,0,0,,0,0,0,0
300,1400,96,0,0,,0,0,0,0
301,1000,97,0,0,,0,0,0,0
304,1500,98,0,0,,0,0,0,0
313,1300,99,0,0,,0,0,0,0
316,1300,100,0,0,,0,0,0,0
317,1500,101,0,0,,0,0,0,0
318,1600,102,0,0,,0,0,0,0
319,1500,103,0,0,,0,0,0,0
322,1000,104,0,0,,0,0,0,0
327,1400,106,0,0,,0,0,0,0
328,1500,107,0,0,,0,0,0,0
329,1000,108,0,0,,0,0,0,0
330,1000,109,0,0,,0,0,0,0
333,1000,110,0,0,,0,0,0,0
335,1500,111,0,0,,0,0,0,0
338,1500,112,0,0,,0,0,0,0
342,1300,113,0,0,,0,0,0,0
344,1000,114,0,0,,0,0,0,0
325,1300,105,0,0,,0,0,0,0
345,1300,115,0,0,,0,0,0,0
347,1300,116,0,0,,0,0,0,0
349,1300,117,0,0,,0,0,0,0
350,1500,118,0,0,,0,0,0,0
351,1300,119,0,0,,0,0,0,0
354,1400,120,0,0,,0,0,0,0
356,1400,121,0,0,,0,0,0,0
358,1500,122,0,0,,0,0,0,0
376,1500,123,0,0,,0,0,0,0
378,1300,124,0,0,,0,0,0,0
382,1300,125,0,0,,0,0,0,0
385,1300,126,0,0,,0,0,0,0
387,1400,127,0,0,,0,0,0,0
388,1300,128,0,0,,0,0,0,0
394,1300,129,0,0,,0,0,0,0
399,1000,130,0,0,,0,0,0,0
405,1300,131,0,0,,0,0,0,0
413,1300,132,0,0,,0,0,0,0
414,1300,133,0,0,,0,0,0,0
416,1300,134,0,0,,0,0,0,0
417,1300,135,0,0,,0,0,0,0
418,1300,136,0,0,,0,0,0,0
419,1300,137,0,0,,0,0,0,0
420,1300,138,0,0,,0,0,0,0
424,1300,139,0,0,,0,0,0,0
425,1300,140,0,0,,0,0,0,0
430,1000,141,0,0,,0,0,0,0
443,1000,142,0,0,,0,0,0,0
448,1000,143,0,0,,0,0,0,0
449,1000,144,0,0,,0,0,0,0
451,1900,145,0,0,,0,0,0,0
460,1300,146,0,0,,0,0,0,0
461,1300,147,0,0,,0,0,0,0
463,1000,148,0,0,,0,0,0,0
465,1400,149,0,0,,0,0,0,0
466,1600,150,0,0,,0,0,0,0
478,1500,151,0,0,,0,0,0,0
479,1100,152,0,0,,0,0,0,0
480,1000,153,0,0,,0,0,0,0
484,1400,154,0,0,,0,0,0,0
486,1500,155,0,0,,0,0,0,0
487,1300,156,0,0,,0,0,0,0
491,1300,157,0,0,,0,0,0,0
495,1500,158,0,0,,0,0,0,0
497,1000,159,0,0,,0,0,0,0
498,1000,160,0,0,,0,0,0,0
500,1300,161,0,0,,0,0,0,0
504,1000,162,0,0,,0,0,0,0
508,1500,163,0,0,,0,0,0,0
509,1000,164,0,0,,0,0,0,0
510,1100,165,0,0,,0,0,0,0
516,1000,166,0,0,,0,0,0,0
517,1400,167,0,0,,0,0,0,0
518,1400,168,0,0,,0,0,0,0
524,1500,169,0,0,,0,0,0,0
525,1100,170,0,0,,0,0,0,0
533,1400,171,0,0,,0,0,0,0
534,1400,172,0,0,,0,0,0,0
535,1100,173,0,0,,0,0,0,0
542,1400,174,0,0,,0,0,0,0
549,1400,175,0,0,,0,0,0,0
576,1600,181,0,0,,0,0,0,0
577,1400,182,0,0,,0,0,0,0
578,1500,183,0,0,,0,0,0,0
580,1500,184,0,0,,0,0,0,0
582,1500,185,0,0,,0,0,0,0
585,1500,186,0,0,,0,0,0,0
588,1500,187,0,0,,0,0,0,0
589,1500,188,0,0,,0,0,0,0
592,1300,189,0,0,,0,0,0,0
594,1300,190,0,0,,0,0,0,0
598,1300,191,0,0,,0,0,0,0
599,900,192,0,0,,0,0,0,0
600,1300,193,0,0,,0,0,0,0
601,1400,194,0,0,,0,0,0,0
603,1300,195,0,0,,0,0,0,0
604,1300,196,0,0,,0,0,0,0
556,1400,176,0,0,,0,0,0,0
572,1500,177,0,0,,0,0,0,0
573,1100,178,0,0,,0,0,0,0
574,1500,179,0,0,,0,0,0,0
575,1700,180,0,0,,0,0,0,0
606,1300,197,0,0,,0,0,0,0
607,1300,198,0,0,,0,0,0,0
609,1500,199,0,0,,0,0,0,0
610,1300,200,0,0,,0,0,0,0
612,1300,201,0,0,,0,0,0,0
614,1300,202,0,0,,0,0,0,0
615,1400,203,0,0,,0,0,0,0
721,1900,265,0,0,,0,0,0,0
617,1300,204,0,0,,0,0,0,0
618,1500,205,0,0,,0,0,0,0
619,1000,206,0,0,,0,0,0,0
622,1300,207,0,0,,0,0,0,0
623,1300,208,0,0,,0,0,0,0
626,1300,209,0,0,,0,0,0,0
630,1000,210,0,0,,0,0,0,0
632,1300,211,0,0,,0,0,0,0
636,1300,212,0,0,,0,0,0,0
637,1300,213,0,0,,0,0,0,0
638,1400,214,0,0,,0,0,0,0
640,1400,215,0,0,,0,0,0,0
644,1000,216,0,0,,0,0,0,0
647,1400,217,0,0,,0,0,0,0
649,1400,218,0,0,,0,0,0,0
651,1400,219,0,0,,0,0,0,0
653,1400,220,0,0,,0,0,0,0
654,1300,221,0,0,,0,0,0,0
657,1300,222,0,0,,0,0,0,0
658,1300,223,0,0,,0,0,0,0
673,1700,236,0,0,,0,0,0,0
674,1300,237,0,0,,0,0,0,0
719,1900,264,0,0,,0,0,0,0
659,1500,224,0,0,,0,0,0,0
660,1500,225,0,0,,0,0,0,0
661,1400,226,0,0,,0,0,0,0
662,1300,227,0,0,,0,0,0,0
663,1300,228,0,0,,0,0,0,0
664,1300,229,0,0,,0,0,0,0
665,1500,230,0,0,,0,0,0,0
666,1000,231,0,0,,0,0,0,0
667,1300,232,0,0,,0,0,0,0
669,1500,233,0,0,,0,0,0,0
670,1400,234,0,0,,0,0,0,0
672,1400,235,0,0,,0,0,0,0
675,1400,238,0,0,,0,0,0,0
677,1300,239,0,0,,0,0,0,0
678,1300,240,0,0,,0,0,0,0
679,2100,241,0,0,,0,0,0,0
681,1700,242,0,0,,0,0,0,0
682,1600,243,0,0,,0,0,0,0
687,1000,244,0,0,,0,0,0,0
691,1800,245,0,0,,0,0,0,0
692,1400,246,0,0,,0,0,0,0
695,1800,247,0,0,,0,0,0,0
696,2000,248,0,0,,0,0,0,0
697,1300,249,0,0,,0,0,0,0
699,1300,250,0,0,,0,0,0,0
700,1300,251,0,0,,0,0,0,0
714,1600,261,0,0,,0,0,0,0
715,1400,262,0,0,,0,0,0,0
716,1500,263,0,0,,0,0,0,0
701,1800,252,0,0,,0,0,0,0
702,1300,253,0,0,,0,0,0,0
703,1400,254,0,0,,0,0,0,0
704,1800,255,0,0,,0,0,0,0
705,1300,256,0,0,,0,0,0,0
708,1300,257,0,0,,0,0,0,0
709,1300,258,0,0,,0,0,0,0
711,1000,259,0,0,,0,0,0,0
713,1300,260,0,0,,0,0,0,0
722,1800,266,0,0,,0,0,0,0
725,1400,267,0,0,,0,0,0,0
727,1300,268,0,0,,0,0,0,0
732,1600,269,0,0,,0,0,0,0
733,1900,270,0,0,,0,0,0,0
734,1600,271,0,0,,0,0,0,0
737,1900,272,0,0,,0,0,0,0
739,1400,273,0,0,,0,0,0,0
747,2100,274,0,0,,0,0,0,0
748,1900,275,0,0,,0,0,0,0
750,1300,276,0,0,,0,0,0,0
751,1700,277,0,0,,0,0,0,0
752,1300,278,0,0,,0,0,0,0
777,1000,290,0,0,,0,0,0,0
782,1900,291,0,0,,0,0,0,0
783,1900,292,0,0,,0,0,0,0
788,1300,293,0,0,,0,0,0,0
789,1100,294,0,0,,0,0,0,0
790,1400,295,0,0,,0,0,0,0
793,1900,296,0,0,,0,0,0,0
796,1300,297,0,0,,0,0,0,0
754,1400,279,0,0,,0,0,0,0
755,1300,280,0,0,,0,0,0,0
757,1300,281,0,0,,0,0,0,0
758,1600,282,0,0,,0,0,0,0
759,1300,283,0,0,,0,0,0,0
762,1600,284,0,0,,0,0,0,0
763,1600,285,0,0,,0,0,0,0
765,1400,286,0,0,,0,0,0,0
767,1500,287,0,0,,0,0,0,0
775,1400,288,0,0,,0,0,0,0
776,1900,289,0,0,,0,0,0,0
797,1400,298,0,0,,0,0,0,0
798,1600,299,0,0,,0,0,0,0
800,1400,300,0,0,,0,0,0,0
802,1500,301,0,0,,0,0,0,0
803,1500,302,0,0,,0,0,0,0
805,1400,303,0,0,,0,0,0,0
808,1900,304,0,0,,0,0,0,0
811,1600,305,0,0,,0,0,0,0
813,2100,306,0,0,,0,0,0,0
816,1600,307,0,0,,0,0,0,0
817,2100,308,0,0,,0,0,0,0
820,1700,309,0,0,,0,0,0,0
823,1600,310,0,0,,0,0,0,0
826,1900,311,0,0,,0,0,0,0
829,1900,312,0,0,,0,0,0,0
830,1000,313,0,0,,0,0,0,0
838,1700,314,0,0,,0,0,0,0
839,1000,315,0,0,,0,0,0,0
840,1600,316,0,0,,0,0,0,0
841,1700,317,0,0,,0,0,0,0
842,1000,318,0,0,,0,0,0,0
844,1600,319,0,0,,0,0,0,0
847,1400,320,0,0,,0,0,0,0
848,1000,321,0,0,,0,0,0,0
850,1300,322,0,0,,0,0,0,0
851,1000,323,0,0,,0,0,0,0
852,1300,324,0,0,,0,0,0,0
855,1400,325,0,0,,0,0,0,0
862,1500,326,0,0,,0,0,0,0
870,1800,327,0,0,,0,0,0,0
873,1300,328,0,0,,0,0,0,0
878,1300,329,0,0,,0,0,0,0
882,1400,330,0,0,,0,0,0,0
893,1300,331,0,0,,0,0,0,0
894,1000,332,0,0,,0,0,0,0
899,1300,333,0,0,,0,0,0,0
1019,1300,354,0,0,,0,0,0,0
1021,1000,355,0,0,,0,0,0,0
1031,1000,356,0,0,,0,0,0,0
1039,1000,357,0,0,,0,0,0,0
1049,1000,358,0,0,,0,0,0,0
900,1700,334,0,0,,0,0,0,0
901,1000,335,0,0,,0,0,0,0
906,1300,336,0,0,,0,0,0,0
908,1300,337,0,0,,0,0,0,0
911,1100,338,0,0,,0,0,0,0
915,1400,339,0,0,,0,0,0,0
916,1300,340,0,0,,0,0,0,0
919,1000,341,0,0,,0,0,0,0
929,1300,342,0,0,,0,0,0,0
938,1300,343,0,0,,0,0,0,0
940,1300,344,0,0,,0,0,0,0
945,1400,345,0,0,,0,0,0,0
950,1300,346,0,0,,0,0,0,0
957,1000,347,0,0,,0,0,0,0
959,1300,348,0,0,,0,0,0,0
962,1300,349,0,0,,0,0,0,0
966,1300,350,0,0,,0,0,0,0
974,1300,351,0,0,,0,0,0,0
991,1300,352,0,0,,0,0,0,0
1017,1000,353,0,0,,0,0,0,0
1054,1300,359,0,0,,0,0,0,0
1060,1000,360,0,0,,0,0,0,0
1071,1400,361,0,0,,0,0,0,0
1101,1300,362,0,0,,0,0,0,0
1109,1400,363,0,0,,0,0,0,0
1132,1600,364,0,0,,0,0,0,0
1136,1300,365,0,0,,0,0,0,0
1139,1000,366,0,0,,0,0,0,0
1166,1600,367,0,0,,0,0,0,0
1202,1300,368,0,0,,0,0,0,0
1207,1400,369,0,0,,0,0,0,0
1217,1000,370,0,0,,0,0,0,0
1221,1400,371,0,0,,0,0,0,0
1225,1000,372,0,0,,0,0,0,0
1229,1300,373,0,0,,0,0,0,0
1233,1600,374,0,0,,0,0,0,0
1242,1300,375,0,0,,0,0,0,0
1245,1400,376,0,0,,0,0,0,0
1255,1000,377,0,0,,0,0,0,0
1256,1000,378,0,0,,0,0,0,0
1265,1300,379,0,0,,0,0,0,0
1266,1300,380,0,0,,0,0,0,0
1277,1000,381,0,0,,0,0,0,0
1279,1300,382,0,0,,0,0,0,0
1282,1300,383,0,0,,0,0,0,0
1287,1300,384,0,0,,0,0,0,0
1310,1400,385,0,0,,0,0,0,0
1318,1000,386,0,0,,0,0,0,0
1324,1300,387,0,0,,0,0,0,0
1336,1300,388,0,0,,0,0,0,0
1339,1100,389,0,0,,0,0,0,0
1340,1000,390,0,0,,0,0,0,0
1341,1000,391,0,0,,0,0,0,0
1342,1300,392,0,0,,0,0,0,0
1344,1400,393,0,0,,0,0,0,0
1371,1100,394,0,0,,0,0,0,0
1382,1300,395,0,0,,0,0,0,0
1384,1000,396,0,0,,0,0,0,0
1393,1300,397,0,0,,0,0,0,0
1402,1300,398,0,0,,0,0,0,0
1404,1400,399,0,0,,0,0,0,0
1409,1300,400,0,0,,0,0,0,0
1414,1000,401,0,0,,0,0,0,0
1425,1300,402,0,0,,0,0,0,0
1434,1300,403,0,0,,0,0,0,0
1435,1000,404,0,0,,0,0,0,0
1450,1300,405,0,0,,0,0,0,0
1452,1300,406,0,0,,0,0,0,0
1454,1300,407,0,0,,0,0,0,0
1455,1000,408,0,0,,0,0,0,0
1460,1300,409,0,0,,0,0,0,0
1464,1300,410,0,0,,0,0,0,0
1468,1300,411,0,0,,0,0,0,0
1473,1400,412,0,0,,0,0,0,0
1475,1300,413,0,0,,0,0,0,0
1476,1300,414,0,0,,0,0,0,0
1480,1300,415,0,0,,0,0,0,0
1481,1000,416,0,0,,0,0,0,0
1487,1300,417,0,0,,0,0,0,0
1501,1000,418,0,0,,0,0,0,0
1505,1300,419,0,0,,0,0,0,0
1509,1000,420,0,0,,0,0,0,0
1511,1000,421,0,0,,0,0,0,0
1512,1000,422,0,0,,0,0,0,0
1513,1100,423,0,0,,0,0,0,0
1516,1000,424,0,0,,0,0,0,0
1518,1100,425,0,0,,0,0,0,0
1519,1000,426,0,0,,0,0,0,0
1520,1000,427,0,0,,0,0,0,0
1526,1100,428,0,0,,0,0,0,0
1529,1300,429,0,0,,0,0,0,0
1530,1300,430,0,0,,0,0,0,0
1531,1300,431,0,0,,0,0,0,0
1536,1300,432,0,0,,0,0,0,0
1537,1300,433,0,0,,0,0,0,0
1545,1100,434,0,0,,0,0,0,0
1549,1300,435,0,0,,0,0,0,0
1563,1400,436,0,0,,0,0,0,0
1572,1300,437,0,0,,0,0,0,0
1579,1300,438,0,0,,0,0,0,0
1581,1300,439,0,0,,0,0,0,0
1582,1300,440,0,0,,0,0,0,0
1583,1300,441,0,0,,0,0,0,0
1586,1300,442,0,0,,0,0,0,0
1587,1500,443,0,0,,0,0,0,0
1599,1300,444,0,0,,0,0,0,0
1601,1300,445,0,0,,0,0,0,0
1605,1400,446,0,0,,0,0,0,0
1606,1500,447,0,0,,0,0,0,0
1610,1500,448,0,0,,0,0,0,0
1622,1500,449,0,0,,0,0,0,0
1629,1800,450,0,0,,0,0,0,0
1638,1300,451,0,0,,0,0,0,0
1642,1300,452,0,0,,0,0,0,0
1648,1500,453,0,0,,0,0,0,0
1652,1300,454,0,0,,0,0,0,0
1653,1400,455,0,0,,0,0,0,0
1654,1500,456,0,0,,0,0,0,0
1703,1400,470,0,0,,0,0,0,0
1707,1300,471,0,0,,0,0,0,0
1657,1300,457,0,0,,0,0,0,0
1658,1100,458,0,0,,0,0,0,0
1661,1400,459,0,0,,0,0,0,0
1662,1400,460,0,0,,0,0,0,0
1663,1100,461,0,0,,0,0,0,0
1669,1100,462,0,0,,0,0,0,0
1676,1100,463,0,0,,0,0,0,0
1678,1100,464,0,0,,0,0,0,0
1681,1700,465,0,0,,0,0,0,0
1683,100,466,0,0,,0,0,0,0
1686,1300,467,0,0,,0,0,0,0
1699,1100,468,0,0,,0,0,0,0
1702,1100,469,0,0,,0,0,0,0
1708,1300,472,0,0,,0,0,0,0
1710,1100,473,0,0,,0,0,0,0
1711,1300,474,0,0,,0,0,0,0
1712,1400,475,0,0,,0,0,0,0
1713,1400,476,0,0,,0,0,0,0
1715,1300,477,0,0,,0,0,0,0
1718,1300,478,0,0,,0,0,0,0
1719,1300,479,0,0,,0,0,0,0
1720,1500,480,0,0,,0,0,0,0
1721,1300,481,0,0,,0,0,0,0
1726,1100,482,0,0,,0,0,0,0
1729,1300,483,0,0,,0,0,0,0
1732,1300,484,0,0,,0,0,0,0
1734,1300,485,0,0,,0,0,0,0
1736,1300,486,0,0,,0,0,0,0
1746,1300,487,0,0,,0,0,0,0
1747,1300,488,0,0,,0,0,0,0
1750,1300,489,0,0,,0,0,0,0
1751,1300,490,0,0,,0,0,0,0
1756,1300,491,0,0,,0,0,0,0
1757,1300,492,0,0,,0,0,0,0
1766,1800,493,0,0,,0,0,0,0
1767,1400,494,0,0,,0,0,0,0
1772,1300,495,0,0,,0,0,0,0
1773,1300,496,0,0,,0,0,0,0
1782,1700,497,0,0,,0,0,0,0
1783,1100,498,0,0,,0,0,0,0
1785,1100,499,0,0,,0,0,0,0
1786,1100,500,0,0,,0,0,0,0
1789,1100,501,0,0,,0,0,0,0
1790,1300,502,0,0,,0,0,0,0
1792,1300,503,0,0,,0,0,0,0
1795,1300,504,0,0,,0,0,0,0
1798,1300,505,0,0,,0,0,0,0
1801,1300,506,0,0,,0,0,0,0
1956,1400,548,0,0,,0,0,0,0
1802,1400,507,0,0,,0,0,0,0
1807,2400,508,0,0,,0,0,0,0
1808,1100,509,0,0,,0,0,0,0
1811,1500,510,0,0,,0,0,0,0
1812,1500,511,0,0,,0,0,0,0
1824,1600,512,0,0,,0,0,0,0
1828,1500,513,0,0,,0,0,0,0
1829,1500,514,0,0,,0,0,0,0
1834,1100,515,0,0,,0,0,0,0
1841,1500,516,0,0,,0,0,0,0
1842,1600,517,0,0,,0,0,0,0
1848,1100,518,0,0,,0,0,0,0
1853,1400,519,0,0,,0,0,0,0
1857,1400,520,0,0,,0,0,0,0
1858,1500,521,0,0,,0,0,0,0
1997,1400,572,0,0,,0,0,0,0
1859,1400,522,0,0,,0,0,0,0
1868,1300,523,0,0,,0,0,0,0
1887,2200,524,0,0,,0,0,0,0
1890,2200,525,0,0,,0,0,0,0
1901,1300,526,0,0,,0,0,0,0
1902,1400,527,0,0,,0,0,0,0
1903,1500,528,0,0,,0,0,0,0
1908,1300,529,0,0,,0,0,0,0
1911,1500,530,0,0,,0,0,0,0
1923,1300,531,0,0,,0,0,0,0
1930,1300,532,0,0,,0,0,0,0
1931,1900,533,0,0,,0,0,0,0
1932,1600,534,0,0,,0,0,0,0
1954,2200,547,0,0,,0,0,0,0
1998,1900,573,0,0,,0,0,0,0
1936,1800,535,0,0,,0,0,0,0
1938,1500,536,0,0,,0,0,0,0
1941,1300,537,0,0,,0,0,0,0
1942,1400,538,0,0,,0,0,0,0
1943,1800,539,0,0,,0,0,0,0
1944,1400,540,0,0,,0,0,0,0
1946,1400,541,0,0,,0,0,0,0
1949,1400,542,0,0,,0,0,0,0
1950,1400,543,0,0,,0,0,0,0
1951,1500,544,0,0,,0,0,0,0
1952,1500,545,0,0,,0,0,0,0
1953,1400,546,0,0,,0,0,0,0
1999,1100,574,0,0,,0,0,0,0
1960,1300,549,0,0,,0,0,0,0
1961,1400,550,0,0,,0,0,0,0
1962,1400,551,0,0,,0,0,0,0
1963,1600,552,0,0,,0,0,0,0
1964,1600,553,0,0,,0,0,0,0
1966,1100,554,0,0,,0,0,0,0
1973,1400,555,0,0,,0,0,0,0
1974,1500,556,0,0,,0,0,0,0
1975,1500,557,0,0,,0,0,0,0
1976,1400,558,0,0,,0,0,0,0
1977,1400,559,0,0,,0,0,0,0
1979,1300,560,0,0,,0,0,0,0
1981,1400,561,0,0,,0,0,0,0
1982,1300,562,0,0,,0,0,0,0
1983,2000,563,0,0,,0,0,0,0
1986,1500,564,0,0,,0,0,0,0
1987,1400,565,0,0,,0,0,0,0
1988,1400,566,0,0,,0,0,0,0
1990,1900,567,0,0,,0,0,0,0
1992,1900,568,0,0,,0,0,0,0
1993,1400,569,0,0,,0,0,0,0
1994,1100,570,0,0,,0,0,0,0
1996,1500,571,0,0,,0,0,0,0
2001,1100,575,0,0,,0,0,0,0
2002,1300,576,0,0,,0,0,0,0
2006,1300,577,0,0,,0,0,0,0
2007,1400,578,0,0,,0,0,0,0
2008,1400,579,0,0,,0,0,0,0
2009,1400,580,0,0,,0,0,0,0
2010,1400,581,0,0,,0,0,0,0
2011,1500,582,0,0,,0,0,0,0
2012,1400,583,0,0,,0,0,0,0
2013,1500,584,0,0,,0,0,0,0
2014,1100,585,0,0,,0,0,0,0
2021,1400,586,0,0,,0,0,0,0
2023,1500,587,0,0,,0,0,0,0
2024,1400,588,0,0,,0,0,0,0
2025,1500,589,0,0,,0,0,0,0
2026,1200,590,0,0,,0,0,0,0
2029,1400,591,0,0,,0,0,0,0
2030,1400,592,0,0,,0,0,0,0
2032,1200,593,0,0,,0,0,0,0
2036,1200,594,0,0,,0,0,0,0
2037,1400,595,0,0,,0,0,0,0
2041,1300,596,0,0,,0,0,0,0
2042,1300,597,0,0,,0,0,0,0
2044,1500,598,0,0,,0,0,0,0
2047,1100,599,0,0,,0,0,0,0
2061,1500,600,0,0,,0,0,0,0
2064,1200,601,0,0,,0,0,0,0
2072,1300,602,0,0,,0,0,0,0
2073,1500,603,0,0,,0,0,0,0
2076,1100,604,0,0,,0,0,0,0
2086,1500,605,0,0,,0,0,0,0
2087,1400,606,0,0,,0,0,0,0
2091,1200,607,0,0,,0,0,0,0
2092,1200,608,0,0,,0,0,0,0
2093,1500,609,0,0,,0,0,0,0
2094,1500,610,0,0,,0,0,0,0
2121,1200,626,0,0,,0,0,0,0
2126,1100,627,0,0,,0,0,0,0
2130,1100,628,0,0,,0,0,0,0
2131,1300,629,0,0,,0,0,0,0
2132,1800,630,0,0,,0,0,0,0
2136,1500,631,0,0,,0,0,0,0
2140,1900,632,0,0,,0,0,0,0
2142,1500,633,0,0,,0,0,0,0
2143,1100,634,0,0,,0,0,0,0
2147,1400,635,0,0,,0,0,0,0
2215,1300,653,0,0,,0,0,0,0
2216,1100,654,0,0,,0,0,0,0
2222,1200,655,0,0,,0,0,0,0
2095,1300,611,0,0,,0,0,0,0
2096,1500,612,0,0,,0,0,0,0
2098,1100,613,0,0,,0,0,0,0
2099,1100,614,0,0,,0,0,0,0
2101,1100,615,0,0,,0,0,0,0
2103,1200,616,0,0,,0,0,0,0
2106,1100,617,0,0,,0,0,0,0
2109,1100,618,0,0,,0,0,0,0
2110,1500,619,0,0,,0,0,0,0
2111,1400,620,0,0,,0,0,0,0
2112,1200,621,0,0,,0,0,0,0
2113,1100,622,0,0,,0,0,0,0
2118,1100,623,0,0,,0,0,0,0
2119,1100,624,0,0,,0,0,0,0
2120,1100,625,0,0,,0,0,0,0
2149,2100,636,0,0,,0,0,0,0
2153,1100,637,0,0,,0,0,0,0
2154,1100,638,0,0,,0,0,0,0
2159,1100,639,0,0,,0,0,0,0
2160,1100,640,0,0,,0,0,0,0
2163,1100,641,0,0,,0,0,0,0
2169,1800,642,0,0,,0,0,0,0
2178,2200,643,0,0,,0,0,0,0
2190,1200,644,0,0,,0,0,0,0
2191,1200,645,0,0,,0,0,0,0
2192,1200,646,0,0,,0,0,0,0
2197,1400,647,0,0,,0,0,0,0
2200,1100,648,0,0,,0,0,0,0
2201,1900,649,0,0,,0,0,0,0
2207,1500,650,0,0,,0,0,0,0
2209,1100,651,0,0,,0,0,0,0
2214,1800,652,0,0,,0,0,0,0
2224,1400,656,0,0,,0,0,0,0
2230,1400,657,0,0,,0,0,0,0
2237,1500,658,0,0,,0,0,0,0
2238,1600,659,0,0,,0,0,0,0
2239,1200,660,0,0,,0,0,0,0
2240,1300,661,0,0,,0,0,0,0
2241,1500,662,0,0,,0,0,0,0
2243,1400,663,0,0,,0,0,0,0
2244,1300,664,0,0,,0,0,0,0
2246,1800,665,0,0,,0,0,0,0
2247,2200,666,0,0,,0,0,0,0
2248,1900,667,0,0,,0,0,0,0
2252,1700,668,0,0,,0,0,0,0
2254,1300,669,0,0,,0,0,0,0
2255,1700,670,0,0,,0,0,0,0
2256,2100,671,0,0,,0,0,0,0
2257,1100,672,0,0,,0,0,0,0
2258,1200,673,0,0,,0,0,0,0
2259,1200,674,0,0,,0,0,0,0
2260,1400,675,0,0,,0,0,0,0
2261,1500,676,0,0,,0,0,0,0
2262,1600,677,0,0,,0,0,0,0
2263,1800,678,0,0,,0,0,0,0
2264,1200,679,0,0,,0,0,0,0
2267,1200,680,0,0,,0,0,0,0
2268,1400,681,0,0,,0,0,0,0
2269,1300,682,0,0,,0,0,0,0
2272,1400,683,0,0,,0,0,0,0
2276,1300,684,0,0,,0,0,0,0
2277,2200,685,0,0,,0,0,0,0
2282,1300,686,0,0,,0,0,0,0
2285,1900,687,0,0,,0,0,0,0
2286,1200,688,0,0,,0,0,0,0
2287,1200,689,0,0,,0,0,0,0
2290,1300,690,0,0,,0,0,0,0
2293,1400,691,0,0,,0,0,0,0
2296,1800,692,0,0,,0,0,0,0
2298,2000,693,0,0,,0,0,0,0
2299,2000,694,0,0,,0,0,0,0
2302,1200,695,0,0,,0,0,0,0
2303,1300,696,0,0,,0,0,0,0
2304,1400,697,0,0,,0,0,0,0
2305,2000,698,0,0,,0,0,0,0
2306,1200,699,0,0,,0,0,0,0
2309,1300,700,0,0,,0,0,0,0
2313,2000,701,0,0,,0,0,0,0
2314,1200,702,0,0,,0,0,0,0
2315,1900,703,0,0,,0,0,0,0
2316,2000,704,0,0,,0,0,0,0
2317,1800,705,0,0,,0,0,0,0
2320,1300,706,0,0,,0,0,0,0
2322,1900,707,0,0,,0,0,0,0
2323,1400,708,0,0,,0,0,0,0
2326,1200,709,0,0,,0,0,0,0
2328,1900,710,0,0,,0,0,0,0
2329,1200,711,0,0,,0,0,0,0
2334,1900,712,0,0,,0,0,0,0
2335,1500,713,0,0,,0,0,0,0
2336,1800,714,0,0,,0,0,0,0
2340,1300,715,0,0,,0,0,0,0
2342,1200,716,0,0,,0,0,0,0
2343,1900,717,0,0,,0,0,0,0
2345,1200,718,0,0,,0,0,0,0
2419,1300,760,0,0,,0,0,0,0
2420,1200,761,0,0,,0,0,0,0
2421,1300,762,0,0,,0,0,0,0
2346,1200,719,0,0,,0,0,0,0
2350,1400,720,0,0,,0,0,0,0
2351,1600,721,0,0,,0,0,0,0
2352,1200,722,0,0,,0,0,0,0
2353,1200,723,0,0,,0,0,0,0
2354,1500,724,0,0,,0,0,0,0
2359,1900,725,0,0,,0,0,0,0
2360,1200,726,0,0,,0,0,0,0
2378,2100,736,0,0,,0,0,0,0
2381,1200,737,0,0,,0,0,0,0
2361,1300,727,0,0,,0,0,0,0
2363,1200,728,0,0,,0,0,0,0
2364,1200,729,0,0,,0,0,0,0
2365,1200,730,0,0,,0,0,0,0
2368,1900,731,0,0,,0,0,0,0
2370,1200,732,0,0,,0,0,0,0
2371,1800,733,0,0,,0,0,0,0
2372,1400,734,0,0,,0,0,0,0
2374,1200,735,0,0,,0,0,0,0
2382,1500,738,0,0,,0,0,0,0
2383,1300,739,0,0,,0,0,0,0
2384,1300,740,0,0,,0,0,0,0
2385,1400,741,0,0,,0,0,0,0
2422,1300,763,0,0,,0,0,0,0
2386,1700,742,0,0,,0,0,0,0
2387,1400,743,0,0,,0,0,0,0
2388,1500,744,0,0,,0,0,0,0
2390,1400,745,0,0,,0,0,0,0
2391,1400,746,0,0,,0,0,0,0
2393,1200,747,0,0,,0,0,0,0
2395,1300,748,0,0,,0,0,0,0
2396,1800,749,0,0,,0,0,0,0
2399,1400,750,0,0,,0,0,0,0
2401,1200,751,0,0,,0,0,0,0
2403,1300,752,0,0,,0,0,0,0
2405,1400,753,0,0,,0,0,0,0
2406,1400,754,0,0,,0,0,0,0
2407,1600,755,0,0,,0,0,0,0
2411,1700,756,0,0,,0,0,0,0
2413,1200,757,0,0,,0,0,0,0
2415,1200,758,0,0,,0,0,0,0
2418,1200,759,0,0,,0,0,0,0
2424,1200,764,0,0,,0,0,0,0
2425,1900,765,0,0,,0,0,0,0
2426,2000,766,0,0,,0,0,0,0
2427,1500,767,0,0,,0,0,0,0
2429,1300,768,0,0,,0,0,0,0
2431,1200,769,0,0,,0,0,0,0
2432,1300,770,0,0,,0,0,0,0
2433,1300,771,0,0,,0,0,0,0
2434,1300,772,0,0,,0,0,0,0
2435,1300,773,0,0,,0,0,0,0
2436,1900,774,0,0,,0,0,0,0
2437,1300,775,0,0,,0,0,0,0
2438,1900,776,0,0,,0,0,0,0
2439,1300,777,0,0,,0,0,0,0
2445,1300,778,0,0,,0,0,0,0
2446,1400,779,0,0,,0,0,0,0
2447,1400,780,0,0,,0,0,0,0
2448,1200,781,0,0,,0,0,0,0
2449,1200,782,0,0,,0,0,0,0
2470,1300,797,0,0,,0,0,0,0
2472,1400,798,0,0,,0,0,0,0
2450,1400,783,0,0,,0,0,0,0
2451,1200,784,0,0,,0,0,0,0
2453,1200,785,0,0,,0,0,0,0
2454,1300,786,0,0,,0,0,0,0
2455,1200,787,0,0,,0,0,0,0
2459,1400,788,0,0,,0,0,0,0
2460,1800,789,0,0,,0,0,0,0
2461,2200,790,0,0,,0,0,0,0
2462,1300,791,0,0,,0,0,0,0
2464,1300,792,0,0,,0,0,0,0
2466,1300,793,0,0,,0,0,0,0
2467,1300,794,0,0,,0,0,0,0
2468,1300,795,0,0,,0,0,0,0
2469,1900,796,0,0,,0,0,0,0
2473,1300,799,0,0,,0,0,0,0
2474,1400,800,0,0,,0,0,0,0
2478,1300,801,0,0,,0,0,0,0
2480,1200,802,0,0,,0,0,0,0
2481,1400,803,0,0,,0,0,0,0
2485,1300,804,0,0,,0,0,0,0
2486,1400,805,0,0,,0,0,0,0
2487,1200,806,0,0,,0,0,0,0
2488,1300,807,0,0,,0,0,0,0
2490,1400,808,0,0,,0,0,0,0
2491,1800,809,0,0,,0,0,0,0
2493,1600,810,0,0,,0,0,0,0
2497,1300,811,0,0,,0,0,0,0
2498,1300,812,0,0,,0,0,0,0
2499,1200,813,0,0,,0,0,0,0
2501,1300,814,0,0,,0,0,0,0
2502,1200,815,0,0,,0,0,0,0
2506,1500,816,0,0,,0,0,0,0
2510,1300,817,0,0,,0,0,0,0
2511,1500,818,0,0,,0,0,0,0
2517,1700,819,0,0,,0,0,0,0
2519,1300,820,0,0,,0,0,0,0
2520,1500,821,0,0,,0,0,0,0
2522,1300,822,0,0,,0,0,0,0
2523,1500,823,0,0,,0,0,0,0
2524,1400,824,0,0,,0,0,0,0
2525,1200,825,0,0,,0,0,0,0
2526,1300,826,0,0,,0,0,0,0
2528,1400,827,0,0,,0,0,0,0
2531,1400,828,0,0,,0,0,0,0
2532,1500,829,0,0,,0,0,0,0
2537,1400,830,0,0,,0,0,0,0
2538,2100,831,0,0,,0,0,0,0
2540,1300,832,0,0,,0,0,0,0
2546,1500,833,0,0,,0,0,0,0
2548,1300,834,0,0,,0,0,0,0
2550,1400,835,0,0,,0,0,0,0
2551,1500,836,0,0,,0,0,0,0
2553,1300,837,0,0,,0,0,0,0
2557,1300,838,0,0,,0,0,0,0
2559,1300,839,0,0,,0,0,0,0
2560,1200,840,0,0,,0,0,0,0
2561,1500,841,0,0,,0,0,0,0
2565,1500,842,0,0,,0,0,0,0
2568,1300,843,0,0,,0,0,0,0
2569,1300,844,0,0,,0,0,0,0
2573,2100,845,0,0,,0,0,0,0
2574,1400,846,0,0,,0,0,0,0
2577,1300,847,0,0,,0,0,0,0
2578,1400,848,0,0,,0,0,0,0
2579,1300,849,0,0,,0,0,0,0
2580,1400,850,0,0,,0,0,0,0
2582,1400,851,0,0,,0,0,0,0
2583,1300,852,0,0,,0,0,0,0
2584,1400,853,0,0,,0,0,0,0
2586,1400,854,0,0,,0,0,0,0
2587,1300,855,0,0,,0,0,0,0
2588,1300,856,0,0,,0,0,0,0
2590,1800,857,0,0,,0,0,0,0
2591,1600,858,0,0,,0,0,0,0
2593,1300,859,0,0,,0,0,0,0
2594,1400,860,0,0,,0,0,0,0
2597,1200,861,0,0,,0,0,0,0
2600,1300,862,0,0,,0,0,0,0
2601,1400,863,0,0,,0,0,0,0
2604,1900,864,0,0,,0,0,0,0
2606,1200,865,0,0,,0,0,0,0
2611,1300,866,0,0,,0,0,0,0
2614,1900,867,0,0,,0,0,0,0
2616,1400,868,0,0,,0,0,0,0
2617,1400,869,0,0,,0,0,0,0
2621,1400,870,0,0,,0,0,0,0
2622,1800,871,0,0,,0,0,0,0
2626,1400,872,0,0,,0,0,0,0
2627,1200,873,0,0,,0,0,0,0
2628,1300,874,0,0,,0,0,0,0
2630,1300,875,0,0,,0,0,0,0
2631,1300,876,0,0,,0,0,0,0
2638,1300,877,0,0,,0,0,0,0
2640,1200,878,0,0,,0,0,0,0
2649,1300,879,0,0,,0,0,0,0
2654,1400,880,0,0,,0,0,0,0
2656,1200,881,0,0,,0,0,0,0
2657,1300,882,0,0,,0,0,0,0
2661,1300,883,0,0,,0,0,0,0
2664,1400,884,0,0,,0,0,0,0
2665,1300,885,0,0,,0,0,0,0
2671,1500,886,0,0,,0,0,0,0
2672,1100,887,0,0,,0,0,0,0
2674,1800,888,0,0,,0,0,0,0
2675,1300,889,0,0,,0,0,0,0
2676,1400,890,0,0,,0,0,0,0
2677,1300,891,0,0,,0,0,0,0
2678,1800,892,0,0,,0,0,0,0
2687,1400,897,0,0,,0,0,0,0
2688,2100,898,0,0,,0,0,0,0
2689,1600,899,0,0,,0,0,0,0
2690,1300,900,0,0,,0,0,0,0
2691,1300,901,0,0,,0,0,0,0
2692,1400,902,0,0,,0,0,0,0
2693,1400,903,0,0,,0,0,0,0
2694,1600,904,0,0,,0,0,0,0
2696,1400,905,0,0,,0,0,0,0
2698,1400,906,0,0,,0,0,0,0
2699,1400,907,0,0,,0,0,0,0
2679,1300,893,0,0,,0,0,0,0
2682,1400,894,0,0,,0,0,0,0
2684,1400,895,0,0,,0,0,0,0
2686,1400,896,0,0,,0,0,0,0
3172,1300,1162,0,0,,0,0,0,0
2701,1300,908,0,0,,0,0,0,0
2707,1400,909,0,0,,0,0,0,0
2708,1900,910,0,0,,0,0,0,0
2711,1400,911,0,0,,0,0,0,0
2712,1300,912,0,0,,0,0,0,0
2717,1400,913,0,0,,0,0,0,0
2719,1300,914,0,0,,0,0,0,0
2721,1300,915,0,0,,0,0,0,0
2722,1400,916,0,0,,0,0,0,0
2723,1400,917,0,0,,0,0,0,0
2724,1300,918,0,0,,0,0,0,0
2726,1400,919,0,0,,0,0,0,0
2727,1300,920,0,0,,0,0,0,0
2728,1300,921,0,0,,0,0,0,0
2758,1400,938,0,0,,0,0,0,0
2761,1300,939,0,0,,0,0,0,0
2762,1300,940,0,0,,0,0,0,0
2731,1300,922,0,0,,0,0,0,0
2733,1300,923,0,0,,0,0,0,0
2734,1400,924,0,0,,0,0,0,0
2736,1200,925,0,0,,0,0,0,0
2737,1300,926,0,0,,0,0,0,0
2738,1300,927,0,0,,0,0,0,0
2740,1200,928,0,0,,0,0,0,0
2741,1300,929,0,0,,0,0,0,0
2743,1300,930,0,0,,0,0,0,0
2744,1300,931,0,0,,0,0,0,0
2745,1300,932,0,0,,0,0,0,0
2746,1300,933,0,0,,0,0,0,0
2752,1500,934,0,0,,0,0,0,0
2754,1300,935,0,0,,0,0,0,0
2756,1400,936,0,0,,0,0,0,0
2757,1200,937,0,0,,0,0,0,0
2763,1300,941,0,0,,0,0,0,0
2764,1100,942,0,0,,0,0,0,0
2894,1200,1022,0,0,,0,0,0,0
2767,1400,943,0,0,,0,0,0,0
2770,1300,944,0,0,,0,0,0,0
2771,1200,945,0,0,,0,0,0,0
2772,1300,946,0,0,,0,0,0,0
2773,1400,947,0,0,,0,0,0,0
2774,1300,948,0,0,,0,0,0,0
2775,1400,949,0,0,,0,0,0,0
2779,1300,950,0,0,,0,0,0,0
2780,1300,951,0,0,,0,0,0,0
2781,1300,952,0,0,,0,0,0,0
2785,1200,953,0,0,,0,0,0,0
2787,1200,954,0,0,,0,0,0,0
2788,1300,955,0,0,,0,0,0,0
2790,1300,956,0,0,,0,0,0,0
2791,1300,957,0,0,,0,0,0,0
2792,1400,958,0,0,,0,0,0,0
2793,1600,959,0,0,,0,0,0,0
2794,1500,960,0,0,,0,0,0,0
2797,1300,961,0,0,,0,0,0,0
2798,1300,962,0,0,,0,0,0,0
2826,1000,976,0,0,,0,0,0,0
2828,1100,977,0,0,,0,0,0,0
2829,1600,978,0,0,,0,0,0,0
2830,1300,979,0,0,,0,0,0,0
2832,2200,980,0,0,,0,0,0,0
2959,1300,1052,0,0,,0,0,0,0
2799,1300,963,0,0,,0,0,0,0
2802,1300,964,0,0,,0,0,0,0
2803,1300,965,0,0,,0,0,0,0
2805,1300,966,0,0,,0,0,0,0
2807,1300,967,0,0,,0,0,0,0
2808,1300,968,0,0,,0,0,0,0
2809,1000,969,0,0,,0,0,0,0
2816,1400,970,0,0,,0,0,0,0
2819,1300,971,0,0,,0,0,0,0
2820,1300,972,0,0,,0,0,0,0
2821,1300,973,0,0,,0,0,0,0
2824,2100,974,0,0,,0,0,0,0
2825,1200,975,0,0,,0,0,0,0
2833,1300,981,0,0,,0,0,0,0
2834,1800,982,0,0,,0,0,0,0
2835,2000,983,0,0,,0,0,0,0
2837,1200,984,0,0,,0,0,0,0
2838,1200,985,0,0,,0,0,0,0
2839,1200,986,0,0,,0,0,0,0
2841,2000,987,0,0,,0,0,0,0
2842,1300,988,0,0,,0,0,0,0
2843,1300,989,0,0,,0,0,0,0
2844,1400,990,0,0,,0,0,0,0
2847,1200,991,0,0,,0,0,0,0
2857,1200,992,0,0,,0,0,0,0
2858,1100,993,0,0,,0,0,0,0
2859,1400,994,0,0,,0,0,0,0
2860,1100,995,0,0,,0,0,0,0
2861,1500,996,0,0,,0,0,0,0
2862,1900,997,0,0,,0,0,0,0
2863,1200,998,0,0,,0,0,0,0
2864,2200,999,0,0,,0,0,0,0
2866,1200,1000,0,0,,0,0,0,0
2867,1100,1001,0,0,,0,0,0,0
2868,1100,1002,0,0,,0,0,0,0
2869,1100,1003,0,0,,0,0,0,0
2870,1200,1004,0,0,,0,0,0,0
2871,1200,1005,0,0,,0,0,0,0
2874,1400,1006,0,0,,0,0,0,0
2875,1200,1007,0,0,,0,0,0,0
2878,1400,1009,0,0,,0,0,0,0
2879,1000,1010,0,0,,0,0,0,0
2880,1800,1011,0,0,,0,0,0,0
2882,1200,1012,0,0,,0,0,0,0
2883,1200,1013,0,0,,0,0,0,0
2884,1200,1014,0,0,,0,0,0,0
2885,1300,1015,0,0,,0,0,0,0
2886,1200,1016,0,0,,0,0,0,0
2887,1200,1017,0,0,,0,0,0,0
2888,1200,1018,0,0,,0,0,0,0
2889,1200,1019,0,0,,0,0,0,0
2890,1200,1020,0,0,,0,0,0,0
2877,1500,1008,0,0,,0,0,0,0
2892,1200,1021,0,0,,0,0,0,0
2960,1700,1053,0,0,,0,0,0,0
2895,1400,1023,0,0,,0,0,0,0
2896,2000,1024,0,0,,0,0,0,0
2898,1200,1025,0,0,,0,0,0,0
2900,1400,1026,0,0,,0,0,0,0
2901,1200,1027,0,0,,0,0,0,0
2902,1200,1028,0,0,,0,0,0,0
2903,1200,1029,0,0,,0,0,0,0
2904,1200,1030,0,0,,0,0,0,0
2906,1100,1031,0,0,,0,0,0,0
2909,1300,1032,0,0,,0,0,0,0
2961,1700,1054,0,0,,0,0,0,0
2962,1200,1055,0,0,,0,0,0,0
2964,1300,1056,0,0,,0,0,0,0
2965,1500,1057,0,0,,0,0,0,0
2966,1400,1058,0,0,,0,0,0,0
2967,1100,1059,0,0,,0,0,0,0
2968,1100,1060,0,0,,0,0,0,0
2969,1300,1061,0,0,,0,0,0,0
2970,1200,1062,0,0,,0,0,0,0
3174,1500,1163,0,0,,0,0,0,0
2910,1400,1033,0,0,,0,0,0,0
2911,1400,1034,0,0,,0,0,0,0
2913,1300,1035,0,0,,0,0,0,0
2916,1400,1036,0,0,,0,0,0,0
2917,1400,1037,0,0,,0,0,0,0
2918,1200,1038,0,0,,0,0,0,0
2920,1300,1039,0,0,,0,0,0,0
2972,1900,1063,0,0,,0,0,0,0
3176,1200,1164,0,0,,0,0,0,0
3177,1300,1165,0,0,,0,0,0,0
2922,1400,1040,0,0,,0,0,0,0
2924,1200,1041,0,0,,0,0,0,0
2925,1100,1042,0,0,,0,0,0,0
2928,1100,1043,0,0,,0,0,0,0
2941,300,1044,0,0,,0,0,0,0
2943,1200,1045,0,0,,0,0,0,0
2946,1300,1046,0,0,,0,0,0,0
2948,1400,1047,0,0,,0,0,0,0
2951,1100,1048,0,0,,0,0,0,0
2953,1200,1049,0,0,,0,0,0,0
2954,1300,1050,0,0,,0,0,0,0
2957,1100,1051,0,0,,0,0,0,0
2974,1300,1064,0,0,,0,0,0,0
2978,1500,1065,0,0,,0,0,0,0
2980,1200,1066,0,0,,0,0,0,0
2982,1100,1067,0,0,,0,0,0,0
2985,1100,1068,0,0,,0,0,0,0
2988,1100,1069,0,0,,0,0,0,0
2992,1500,1070,0,0,,0,0,0,0
2993,1500,1071,0,0,,0,0,0,0
2997,1300,1072,0,0,,0,0,0,0
2999,1700,1073,0,0,,0,0,0,0
3005,1100,1074,0,0,,0,0,0,0
3008,1200,1075,0,0,,0,0,0,0
3010,1200,1076,0,0,,0,0,0,0
3011,1200,1077,0,0,,0,0,0,0
3014,1200,1078,0,0,,0,0,0,0
3015,1200,1079,0,0,,0,0,0,0
3178,1300,1166,0,0,,0,0,0,0
3179,1200,1167,0,0,,0,0,0,0
3016,1100,1080,0,0,,0,0,0,0
3017,2000,1081,0,0,,0,0,0,0
3018,1200,1082,0,0,,0,0,0,0
3019,1200,1083,0,0,,0,0,0,0
3020,1500,1084,0,0,,0,0,0,0
3021,1200,1085,0,0,,0,0,0,0
3023,1200,1086,0,0,,0,0,0,0
3024,1300,1087,0,0,,0,0,0,0
3025,1300,1088,0,0,,0,0,0,0
3026,1300,1089,0,0,,0,0,0,0
3029,1400,1090,0,0,,0,0,0,0
3030,1300,1091,0,0,,0,0,0,0
3031,1300,1092,0,0,,0,0,0,0
3032,1200,1093,0,0,,0,0,0,0
3034,1400,1094,0,0,,0,0,0,0
3074,1500,1116,0,0,,0,0,0,0
3077,1100,1117,0,0,,0,0,0,0
3037,1100,1095,0,0,,0,0,0,0
3038,1200,1096,0,0,,0,0,0,0
3039,1100,1097,0,0,,0,0,0,0
3041,1200,1098,0,0,,0,0,0,0
3044,1500,1099,0,0,,0,0,0,0
3045,1500,1100,0,0,,0,0,0,0
3046,1200,1101,0,0,,0,0,0,0
3049,1500,1102,0,0,,0,0,0,0
3054,1200,1103,0,0,,0,0,0,0
3056,1200,1104,0,0,,0,0,0,0
3058,1200,1105,0,0,,0,0,0,0
3059,1600,1106,0,0,,0,0,0,0
3061,1600,1107,0,0,,0,0,0,0
3064,1200,1108,0,0,,0,0,0,0
3065,1200,1109,0,0,,0,0,0,0
3066,1200,1110,0,0,,0,0,0,0
3067,1300,1111,0,0,,0,0,0,0
3068,1300,1112,0,0,,0,0,0,0
3069,1300,1113,0,0,,0,0,0,0
3071,1100,1114,0,0,,0,0,0,0
3078,1300,1118,0,0,,0,0,0,0
3079,1500,1119,0,0,,0,0,0,0
3081,1100,1120,0,0,,0,0,0,0
3073,1400,1115,0,0,,0,0,0,0
3086,1300,1121,0,0,,0,0,0,0
3180,1200,1168,0,0,,0,0,0,0
3181,1200,1169,0,0,,0,0,0,0
3087,1600,1122,0,0,,0,0,0,0
3088,1500,1123,0,0,,0,0,0,0
3089,1100,1124,0,0,,0,0,0,0
3092,1300,1125,0,0,,0,0,0,0
3097,1100,1126,0,0,,0,0,0,0
3098,1100,1127,0,0,,0,0,0,0
3099,1200,1128,0,0,,0,0,0,0
3101,1100,1129,0,0,,0,0,0,0
3120,1600,1135,0,0,,0,0,0,0
3182,1500,1170,0,0,,0,0,0,0
3184,1400,1171,0,0,,0,0,0,0
3187,1300,1172,0,0,,0,0,0,0
3188,1200,1173,0,0,,0,0,0,0
3105,1400,1130,0,0,,0,0,0,0
3107,1500,1131,0,0,,0,0,0,0
3111,1100,1132,0,0,,0,0,0,0
3113,1100,1133,0,0,,0,0,0,0
3117,1100,1134,0,0,,0,0,0,0
3170,1300,1160,0,0,,0,0,0,0
3171,1200,1161,0,0,,0,0,0,0
3121,1800,1136,0,0,,0,0,0,0
3123,1300,1137,0,0,,0,0,0,0
3124,1200,1138,0,0,,0,0,0,0
3127,1200,1139,0,0,,0,0,0,0
3132,1200,1140,0,0,,0,0,0,0
3133,1200,1141,0,0,,0,0,0,0
3138,1100,1142,0,0,,0,0,0,0
3140,1200,1143,0,0,,0,0,0,0
3146,1300,1144,0,0,,0,0,0,0
3148,1300,1145,0,0,,0,0,0,0
3149,1300,1146,0,0,,0,0,0,0
3150,1200,1147,0,0,,0,0,0,0
3153,1300,1148,0,0,,0,0,0,0
3155,1300,1149,0,0,,0,0,0,0
3156,1300,1150,0,0,,0,0,0,0
3158,1300,1151,0,0,,0,0,0,0
3159,1300,1152,0,0,,0,0,0,0
3160,1200,1153,0,0,,0,0,0,0
3161,1300,1154,0,0,,0,0,0,0
3163,1200,1155,0,0,,0,0,0,0
3164,1400,1156,0,0,,0,0,0,0
3165,1200,1157,0,0,,0,0,0,0
3166,1200,1158,0,0,,0,0,0,0
3169,1300,1159,0,0,,0,0,0,0
3190,1400,1174,0,0,,0,0,0,0
3191,1400,1175,0,0,,0,0,0,0
3192,1200,1176,0,0,,0,0,0,0
3193,1200,1177,0,0,,0,0,0,0
3195,1300,1178,0,0,,0,0,0,0
3196,1300,1179,0,0,,0,0,0,0
3201,1000,1180,0,0,,0,0,0,0
3205,1300,1181,0,0,,0,0,0,0
3206,1000,1182,0,0,,0,0,0,0
3209,1300,1183,0,0,,0,0,0,0
3216,1200,1184,0,0,,0,0,0,0
3218,1000,1185,0,0,,0,0,0,0
3220,1000,1186,0,0,,0,0,0,0
3222,1300,1187,0,0,,0,0,0,0
3224,1300,1188,0,0,,0,0,0,0
3225,1100,1189,0,0,,0,0,0,0
3227,1200,1190,0,0,,0,0,0,0
3228,1200,1191,0,0,,0,0,0,0
3230,1200,1192,0,0,,0,0,0,0
3231,1200,1193,0,0,,0,0,0,0
3234,1100,1194,0,0,,0,0,0,0
3238,1200,1195,0,0,,0,0,0,0
3250,1000,1196,0,0,,0,0,0,0
3284,1100,1202,0,0,,0,0,0,0
3291,1200,1203,0,0,,0,0,0,0
3292,1200,1204,0,0,,0,0,0,0
3257,1500,1197,0,0,,0,0,0,0
3260,1300,1198,0,0,,0,0,0,0
3275,1400,1199,0,0,,0,0,0,0
3279,1200,1200,0,0,,0,0,0,0
3281,1200,1201,0,0,,0,0,0,0
3293,1200,1205,0,0,,0,0,0,0
3294,1200,1206,0,0,,0,0,0,0
3303,1400,1207,0,0,,0,0,0,0
3306,1200,1208,0,0,,0,0,0,0
3307,1300,1209,0,0,,0,0,0,0
3308,1200,1210,0,0,,0,0,0,0
3310,1400,1211,0,0,,0,0,0,0
3314,1200,1212,0,0,,0,0,0,0
3318,1200,1213,0,0,,0,0,0,0
3351,1200,1223,0,0,,0,0,0,0
3355,1200,1224,0,0,,0,0,0,0
3356,1100,1225,0,0,,0,0,0,0
3357,1200,1226,0,0,,0,0,0,0
3359,1200,1227,0,0,,0,0,0,0
3360,1200,1228,0,0,,0,0,0,0
3361,1100,1229,0,0,,0,0,0,0
3372,1200,1230,0,0,,0,0,0,0
3373,1200,1231,0,0,,0,0,0,0
3320,1300,1214,0,0,,0,0,0,0
3330,1200,1215,0,0,,0,0,0,0
3331,1200,1216,0,0,,0,0,0,0
3334,1200,1217,0,0,,0,0,0,0
3335,1200,1218,0,0,,0,0,0,0
3346,1200,1219,0,0,,0,0,0,0
3347,1200,1220,0,0,,0,0,0,0
3348,1200,1221,0,0,,0,0,0,0
3349,1100,1222,0,0,,0,0,0,0
3374,1300,1232,0,0,,0,0,0,0
3375,1100,1233,0,0,,0,0,0,0
3393,1100,1234,0,0,,0,0,0,0
3396,1100,1235,0,0,,0,0,0,0
3419,1200,1236,0,0,,0,0,0,0
3433,1100,1237,0,0,,0,0,0,0
3442,1200,1238,0,0,,0,0,0,0
3506,1100,1256,0,0,,0,0,0,0
3652,1100,1285,0,0,,0,0,0,0
3653,1000,1286,0,0,,0,0,0,0
3443,1100,1239,0,0,,0,0,0,0
3445,1100,1240,0,0,,0,0,0,0
3446,1100,1241,0,0,,0,0,0,0
3447,1100,1242,0,0,,0,0,0,0
3448,1200,1243,0,0,,0,0,0,0
3451,1100,1244,0,0,,0,0,0,0
3461,1200,1245,0,0,,0,0,0,0
3465,1100,1246,0,0,,0,0,0,0
3471,1100,1247,0,0,,0,0,0,0
3473,1200,1248,0,0,,0,0,0,0
3474,1100,1249,0,0,,0,0,0,0
3475,1100,1250,0,0,,0,0,0,0
3492,1200,1251,0,0,,0,0,0,0
3496,1200,1252,0,0,,0,0,0,0
3497,1200,1253,0,0,,0,0,0,0
3501,1100,1254,0,0,,0,0,0,0
3505,1500,1255,0,0,,0,0,0,0
3508,1200,1257,0,0,,0,0,0,0
3514,1200,1258,0,0,,0,0,0,0
3535,1200,1259,0,0,,0,0,0,0
3536,1000,1260,0,0,,0,0,0,0
3541,1300,1261,0,0,,0,0,0,0
3561,1100,1262,0,0,,0,0,0,0
3564,1000,1263,0,0,,0,0,0,0
3568,1200,1264,0,0,,0,0,0,0
3574,1000,1265,0,0,,0,0,0,0
3576,1200,1266,0,0,,0,0,0,0
3577,1200,1267,0,0,,0,0,0,0
3578,1000,1268,0,0,,0,0,0,0
3588,1000,1269,0,0,,0,0,0,0
3604,1700,1270,0,0,,0,0,0,0
3610,1200,1271,0,0,,0,0,0,0
3611,1100,1272,0,0,,0,0,0,0
3612,1300,1273,0,0,,0,0,0,0
3616,1100,1274,0,0,,0,0,0,0
3620,1200,1275,0,0,,0,0,0,0
3624,1000,1276,0,0,,0,0,0,0
3625,1200,1277,0,0,,0,0,0,0
3627,1100,1278,0,0,,0,0,0,0
3630,1200,1279,0,0,,0,0,0,0
3632,1100,1280,0,0,,0,0,0,0
3638,1200,1281,0,0,,0,0,0,0
3649,1400,1282,0,0,,0,0,0,0
3650,1300,1283,0,0,,0,0,0,0
3651,1200,1284,0,0,,0,0,0,0
3656,1000,1287,0,0,,0,0,0,0
3661,1400,1288,0,0,,0,0,0,0
3663,1100,1289,0,0,,0,0,0,0
3666,1100,1290,0,0,,0,0,0,0
3670,1000,1291,0,0,,0,0,0,0
3671,1000,1292,0,0,,0,0,0,0
3674,1200,1293,0,0,,0,0,0,0
3675,1100,1294,0,0,,0,0,0,0
3677,1200,1295,0,0,,0,0,0,0
3678,1100,1296,0,0,,0,0,0,0
3679,1100,1297,0,0,,0,0,0,0
3680,1100,1298,0,0,,0,0,0,0
3684,1200,1299,0,0,,0,0,0,0
3687,1200,1300,0,0,,0,0,0,0
3691,1200,1301,0,0,,0,0,0,0
3695,1200,1302,0,0,,0,0,0,0
3698,1200,1303,0,0,,0,0,0,0
3712,1200,1304,0,0,,0,0,0,0
3718,1200,1305,0,0,,0,0,0,0
3719,1100,1306,0,0,,0,0,0,0
3720,1200,1307,0,0,,0,0,0,0
3724,1200,1308,0,0,,0,0,0,0
3728,1000,1309,0,0,,0,0,0,0
3729,1000,1310,0,0,,0,0,0,0
3743,1300,1311,0,0,,0,0,0,0
3745,1000,1312,0,0,,0,0,0,0
3748,1200,1313,0,0,,0,0,0,0
3751,1300,1314,0,0,,0,0,0,0
3752,1300,1315,0,0,,0,0,0,0
3758,1100,1316,0,0,,0,0,0,0
3761,1800,1317,0,0,,0,0,0,0
3762,1200,1318,0,0,,0,0,0,0
3764,1500,1319,0,0,,0,0,0,0
3766,1500,1320,0,0,,0,0,0,0
3767,1300,1321,0,0,,0,0,0,0
3768,1500,1322,0,0,,0,0,0,0
3770,1100,1323,0,0,,0,0,0,0
3773,1300,1324,0,0,,0,0,0,0
3774,1200,1325,0,0,,0,0,0,0
3778,1200,1326,0,0,,0,0,0,0
3779,1200,1327,0,0,,0,0,0,0
3785,1100,1328,0,0,,0,0,0,0
3793,1100,1329,0,0,,0,0,0,0
3794,1100,1330,0,0,,0,0,0,0
3795,1100,1331,0,0,,0,0,0,0
3796,1100,1332,0,0,,0,0,0,0
3801,1300,1333,0,0,,0,0,0,0
3803,1100,1334,0,0,,0,0,0,0
3807,1200,1335,0,0,,0,0,0,0
3813,1200,1336,0,0,,0,0,0,0
3817,1100,1337,0,0,,0,0,0,0
3818,1100,1338,0,0,,0,0,0,0
3821,1300,1339,0,0,,0,0,0,0
3825,1100,1340,0,0,,0,0,0,0
3830,1100,1341,0,0,,0,0,0,0
3832,1100,1342,0,0,,0,0,0,0
3834,1100,1343,0,0,,0,0,0,0
3836,1100,1344,0,0,,0,0,0,0
3843,1800,1345,0,0,,0,0,0,0
3845,1500,1346,0,0,,0,0,0,0
3848,1100,1347,0,0,,0,0,0,0
3854,1100,1348,0,0,,0,0,0,0
3855,2300,1349,0,0,,0,0,0,0
3859,1100,1350,0,0,,0,0,0,0
3867,1200,1351,0,0,,0,0,0,0
3885,1100,1352,0,0,,0,0,0,0
3888,1200,1353,0,0,,0,0,0,0
3899,1100,1354,0,0,,0,0,0,0
3906,1100,1355,0,0,,0,0,0,0
3917,1100,1356,0,0,,0,0,0,0
3920,1100,1357,0,0,,0,0,0,0
3923,1100,1358,0,0,,0,0,0,0
3942,1100,1359,0,0,,0,0,0,0
3949,1100,1360,0,0,,0,0,0,0
3969,1300,1361,0,0,,0,0,0,0
3970,1200,1362,0,0,,0,0,0,0
3981,1100,1363,0,0,,0,0,0,0
3989,1000,1368,0,0,,0,0,0,0
3997,1100,1369,0,0,,0,0,0,0
4004,1000,1370,0,0,,0,0,0,0
4006,1200,1371,0,0,,0,0,0,0
4014,1100,1372,0,0,,0,0,0,0
4021,1000,1373,0,0,,0,0,0,0
3985,1100,1364,0,0,,0,0,0,0
3986,1100,1365,0,0,,0,0,0,0
3987,1200,1366,0,0,,0,0,0,0
3988,1100,1367,0,0,,0,0,0,0
4022,1100,1374,0,0,,0,0,0,0
4026,1200,1375,0,0,,0,0,0,0
4036,1100,1376,0,0,,0,0,0,0
4038,1100,1377,0,0,,0,0,0,0
4040,1300,1378,0,0,,0,0,0,0
4043,1100,1379,0,0,,0,0,0,0
4044,1000,1380,0,0,,0,0,0,0
4047,1100,1381,0,0,,0,0,0,0
4050,1000,1382,0,0,,0,0,0,0
4051,1000,1383,0,0,,0,0,0,0
4053,1100,1384,0,0,,0,0,0,0
4056,1100,1385,0,0,,0,0,0,0
4058,1300,1386,0,0,,0,0,0,0
4064,1100,1387,0,0,,0,0,0,0
4068,1100,1388,0,0,,0,0,0,0
4072,1100,1389,0,0,,0,0,0,0
4075,1100,1390,0,0,,0,0,0,0
4082,1200,1391,0,0,,0,0,0,0
4089,1100,1392,0,0,,0,0,0,0
4092,1100,1393,0,0,,0,0,0,0
4095,1100,1394,0,0,,0,0,0,0
4096,1300,1395,0,0,,0,0,0,0
4103,1100,1396,0,0,,0,0,0,0
4105,1100,1397,0,0,,0,0,0,0
4108,1100,1398,0,0,,0,0,0,0
4109,1100,1399,0,0,,0,0,0,0
4118,1000,1400,0,0,,0,0,0,0
4120,1100,1401,0,0,,0,0,0,0
4124,1000,1402,0,0,,0,0,0,0
4133,1100,1403,0,0,,0,0,0,0
4137,1000,1404,0,0,,0,0,0,0
4141,1000,1405,0,0,,0,0,0,0
4142,1000,1406,0,0,,0,0,0,0
4144,1000,1407,0,0,,0,0,0,0
4163,1100,1408,0,0,,0,0,0,0
4170,1100,1409,0,0,,0,0,0,0
4172,1100,1410,0,0,,0,0,0,0
4184,1100,1411,0,0,,0,0,0,0
4192,1100,1412,0,0,,0,0,0,0
4199,1000,1413,0,0,,0,0,0,0
4204,1000,1414,0,0,,0,0,0,0
4223,1000,1415,0,0,,0,0,0,0
4224,1100,1416,0,0,,0,0,0,0
4227,1000,1417,0,0,,0,0,0,0
4228,1000,1418,0,0,,0,0,0,0
4230,1200,1419,0,0,,0,0,0,0
4231,1200,1420,0,0,,0,0,0,0
4234,1100,1421,0,0,,0,0,0,0
4236,1000,1422,0,0,,0,0,0,0
4239,1000,1423,0,0,,0,0,0,0
4240,1100,1424,0,0,,0,0,0,0
4243,1200,1425,0,0,,0,0,0,0
4247,1100,1426,0,0,,0,0,0,0
4249,1100,1427,0,0,,0,0,0,0
4257,1200,1428,0,0,,0,0,0,0
4321,1100,1442,0,0,,0,0,0,0
4322,1000,1443,0,0,,0,0,0,0
4324,1100,1444,0,0,,0,0,0,0
4327,1100,1445,0,0,,0,0,0,0
4328,1100,1446,0,0,,0,0,0,0
4282,1000,1429,0,0,,0,0,0,0
4283,1000,1430,0,0,,0,0,0,0
4291,1200,1431,0,0,,0,0,0,0
4292,1100,1432,0,0,,0,0,0,0
4294,1100,1433,0,0,,0,0,0,0
4296,1000,1434,0,0,,0,0,0,0
4301,1000,1435,0,0,,0,0,0,0
4306,1100,1436,0,0,,0,0,0,0
4309,1000,1437,0,0,,0,0,0,0
4310,1100,1438,0,0,,0,0,0,0
4315,1100,1439,0,0,,0,0,0,0
4317,1000,1440,0,0,,0,0,0,0
4320,1100,1441,0,0,,0,0,0,0
4341,1100,1447,0,0,,0,0,0,0
4342,1100,1448,0,0,,0,0,0,0
4349,1100,1449,0,0,,0,0,0,0
4351,1100,1450,0,0,,0,0,0,0
4356,1100,1451,0,0,,0,0,0,0
4357,1300,1452,0,0,,0,0,0,0
4361,1100,1453,0,0,,0,0,0,0
4364,1300,1454,0,0,,0,0,0,0
4366,1100,1455,0,0,,0,0,0,0
4371,1300,1456,0,0,,0,0,0,0
4375,1200,1457,0,0,,0,0,0,0
4380,1300,1458,0,0,,0,0,0,0
4381,1200,1459,0,0,,0,0,0,0
4382,1100,1460,0,0,,0,0,0,0
4383,1100,1461,0,0,,0,0,0,0
4385,1200,1462,0,0,,0,0,0,0
4387,1000,1463,0,0,,0,0,0,0
4391,1000,1464,0,0,,0,0,0,0
4396,1000,1465,0,0,,0,0,0,0
4397,1000,1466,0,0,,0,0,0,0
4398,1100,1467,0,0,,0,0,0,0
4400,1000,1468,0,0,,0,0,0,0
4401,1100,1469,0,0,,0,0,0,0
4402,1100,1470,0,0,,0,0,0,0
4408,1000,1471,0,0,,0,0,0,0
4412,1000,1472,0,0,,0,0,0,0
4567,1100,1512,0,0,,0,0,0,0
4427,1000,1473,0,0,,0,0,0,0
4428,1000,1474,0,0,,0,0,0,0
4432,1200,1475,0,0,,0,0,0,0
4433,1000,1476,0,0,,0,0,0,0
4436,1100,1477,0,0,,0,0,0,0
4437,1200,1478,0,0,,0,0,0,0
4449,1200,1479,0,0,,0,0,0,0
4458,1300,1480,0,0,,0,0,0,0
4460,1000,1481,0,0,,0,0,0,0
4461,1000,1482,0,0,,0,0,0,0
4464,1000,1483,0,0,,0,0,0,0
4466,1000,1484,0,0,,0,0,0,0
4471,1200,1485,0,0,,0,0,0,0
4492,1000,1486,0,0,,0,0,0,0
4495,1100,1487,0,0,,0,0,0,0
4498,1300,1488,0,0,,0,0,0,0
4501,1100,1489,0,0,,0,0,0,0
4502,1000,1490,0,0,,0,0,0,0
4507,1200,1491,0,0,,0,0,0,0
4509,1100,1492,0,0,,0,0,0,0
4510,1100,1493,0,0,,0,0,0,0
4514,1000,1494,0,0,,0,0,0,0
4516,1000,1495,0,0,,0,0,0,0
4571,1000,1513,0,0,,0,0,0,0
4578,1100,1514,0,0,,0,0,0,0
4518,1000,1496,0,0,,0,0,0,0
4521,1000,1497,0,0,,0,0,0,0
4524,1100,1498,0,0,,0,0,0,0
4525,1000,1499,0,0,,0,0,0,0
4533,1200,1500,0,0,,0,0,0,0
4536,1000,1501,0,0,,0,0,0,0
4539,1200,1502,0,0,,0,0,0,0
4542,1400,1503,0,0,,0,0,0,0
4550,1500,1504,0,0,,0,0,0,0
4551,1500,1505,0,0,,0,0,0,0
4555,1200,1506,0,0,,0,0,0,0
4557,1200,1507,0,0,,0,0,0,0
4558,1100,1508,0,0,,0,0,0,0
4560,1100,1509,0,0,,0,0,0,0
4564,1100,1510,0,0,,0,0,0,0
4565,1100,1511,0,0,,0,0,0,0
4581,1200,1515,0,0,,0,0,0,0
4585,1100,1516,0,0,,0,0,0,0
4586,1200,1517,0,0,,0,0,0,0
4587,1100,1518,0,0,,0,0,0,0
4590,1200,1519,0,0,,0,0,0,0
4591,1100,1520,0,0,,0,0,0,0
4600,1100,1521,0,0,,0,0,0,0
4602,1000,1522,0,0,,0,0,0,0
4603,1000,1523,0,0,,0,0,0,0
4604,1000,1524,0,0,,0,0,0,0
4608,1100,1525,0,0,,0,0,0,0
4621,1000,1526,0,0,,0,0,0,0
4622,1000,1527,0,0,,0,0,0,0
4624,1000,1528,0,0,,0,0,0,0
4642,1300,1529,0,0,,0,0,0,0
4644,1200,1530,0,0,,0,0,0,0
4659,1200,1531,0,0,,0,0,0,0
4661,1200,1532,0,0,,0,0,0,0
4662,1100,1533,0,0,,0,0,0,0
4667,1100,1534,0,0,,0,0,0,0
4669,1200,1535,0,0,,0,0,0,0
4675,1200,1536,0,0,,0,0,0,0
4676,1000,1537,0,0,,0,0,0,0
4678,1200,1538,0,0,,0,0,0,0
4680,1200,1539,0,0,,0,0,0,0
4682,1100,1540,0,0,,0,0,0,0
4684,1200,1541,0,0,,0,0,0,0
4691,1300,1542,0,0,,0,0,0,0
4692,1100,1543,0,0,,0,0,0,0
4693,1100,1544,0,0,,0,0,0,0
4699,1300,1545,0,0,,0,0,0,0
4702,1000,1546,0,0,,0,0,0,0
4705,1000,1547,0,0,,0,0,0,0
4707,1100,1548,0,0,,0,0,0,0
4708,1000,1549,0,0,,0,0,0,0
4713,1000,1550,0,0,,0,0,0,0
4716,1200,1551,0,0,,0,0,0,0
4717,1200,1552,0,0,,0,0,0,0
4718,1200,1553,0,0,,0,0,0,0
4725,1200,1554,0,0,,0,0,0,0
4732,1200,1555,0,0,,0,0,0,0
4796,1300,1578,0,0,,0,0,0,0
4733,1100,1556,0,0,,0,0,0,0
4739,1300,1558,0,0,,0,0,0,0
4740,1000,1559,0,0,,0,0,0,0
4741,1100,1560,0,0,,0,0,0,0
4742,1200,1561,0,0,,0,0,0,0
4743,1100,1562,0,0,,0,0,0,0
4745,1100,1563,0,0,,0,0,0,0
4746,1200,1564,0,0,,0,0,0,0
4749,1100,1565,0,0,,0,0,0,0
4751,1100,1566,0,0,,0,0,0,0
4753,1300,1567,0,0,,0,0,0,0
4763,1100,1568,0,0,,0,0,0,0
4764,1100,1569,0,0,,0,0,0,0
4765,1100,1570,0,0,,0,0,0,0
4770,1200,1571,0,0,,0,0,0,0
4778,1200,1572,0,0,,0,0,0,0
4779,1200,1573,0,0,,0,0,0,0
4786,1200,1574,0,0,,0,0,0,0
4787,1300,1575,0,0,,0,0,0,0
4792,1100,1576,0,0,,0,0,0,0
4795,1300,1577,0,0,,0,0,0,0
4735,1000,1557,0,0,,0,0,0,0
4797,1100,1579,0,0,,0,0,0,0
4802,1400,1580,0,0,,0,0,0,0
4808,1100,1581,0,0,,0,0,0,0
4818,1100,1582,0,0,,0,0,0,0
4820,1100,1583,0,0,,0,0,0,0
4821,1100,1584,0,0,,0,0,0,0
4829,1300,1585,0,0,,0,0,0,0
4830,1300,1586,0,0,,0,0,0,0
4832,1300,1587,0,0,,0,0,0,0
4841,1200,1588,0,0,,0,0,0,0
4842,1400,1589,0,0,,0,0,0,0
4843,1300,1590,0,0,,0,0,0,0
4844,1200,1591,0,0,,0,0,0,0
4845,1300,1592,0,0,,0,0,0,0
4846,1100,1593,0,0,,0,0,0,0
4847,1300,1594,0,0,,0,0,0,0
4852,1200,1595,0,0,,0,0,0,0
4853,1100,1596,0,0,,0,0,0,0
4855,1400,1597,0,0,,0,0,0,0
4856,1200,1598,0,0,,0,0,0,0
4916,1300,1619,0,0,,0,0,0,0
4917,1100,1620,0,0,,0,0,0,0
4920,1100,1621,0,0,,0,0,0,0
4864,1200,1599,0,0,,0,0,0,0
4866,1100,1600,0,0,,0,0,0,0
4867,1100,1601,0,0,,0,0,0,0
4870,1300,1602,0,0,,0,0,0,0
4871,1100,1603,0,0,,0,0,0,0
4872,1200,1604,0,0,,0,0,0,0
4878,1100,1605,0,0,,0,0,0,0
4880,1100,1606,0,0,,0,0,0,0
4881,1100,1607,0,0,,0,0,0,0
4887,1400,1608,0,0,,0,0,0,0
4893,1400,1609,0,0,,0,0,0,0
4898,1100,1610,0,0,,0,0,0,0
4901,1500,1611,0,0,,0,0,0,0
4902,1400,1612,0,0,,0,0,0,0
4903,1200,1613,0,0,,0,0,0,0
4904,1100,1614,0,0,,0,0,0,0
4909,1100,1615,0,0,,0,0,0,0
4910,1400,1616,0,0,,0,0,0,0
4914,1400,1617,0,0,,0,0,0,0
4915,1200,1618,0,0,,0,0,0,0
4984,1300,1643,0,0,,0,0,0,0
4924,1300,1622,0,0,,0,0,0,0
4925,1300,1623,0,0,,0,0,0,0
4926,1400,1624,0,0,,0,0,0,0
4928,1100,1625,0,0,,0,0,0,0
4935,1400,1626,0,0,,0,0,0,0
4936,1300,1627,0,0,,0,0,0,0
4937,1300,1628,0,0,,0,0,0,0
4938,1400,1629,0,0,,0,0,0,0
4939,1400,1630,0,0,,0,0,0,0
4948,1100,1631,0,0,,0,0,0,0
4953,1300,1632,0,0,,0,0,0,0
4954,1300,1633,0,0,,0,0,0,0
4955,1400,1634,0,0,,0,0,0,0
4956,1200,1635,0,0,,0,0,0,0
4968,1200,1636,0,0,,0,0,0,0
4969,1200,1637,0,0,,0,0,0,0
4970,1300,1638,0,0,,0,0,0,0
4971,1400,1639,0,0,,0,0,0,0
4985,1200,1644,0,0,,0,0,0,0
5069,1100,1677,0,0,,0,0,0,0
4981,1200,1640,0,0,,0,0,0,0
4990,1200,1645,0,0,,0,0,0,0
4991,1100,1646,0,0,,0,0,0,0
4996,1100,1647,0,0,,0,0,0,0
4997,1200,1648,0,0,,0,0,0,0
5001,1200,1649,0,0,,0,0,0,0
5012,1100,1650,0,0,,0,0,0,0
5032,1300,1651,0,0,,0,0,0,0
5034,1100,1652,0,0,,0,0,0,0
5035,1100,1653,0,0,,0,0,0,0
5039,1300,1654,0,0,,0,0,0,0
5040,1200,1655,0,0,,0,0,0,0
5071,1100,1678,0,0,,0,0,0,0
5072,1100,1679,0,0,,0,0,0,0
5222,1100,1734,0,0,,0,0,0,0
5236,1100,1735,0,0,,0,0,0,0
4982,1400,1641,0,0,,0,0,0,0
4983,1200,1642,0,0,,0,0,0,0
5041,1500,1656,0,0,,0,0,0,0
5042,1100,1657,0,0,,0,0,0,0
5043,1100,1658,0,0,,0,0,0,0
5044,1100,1659,0,0,,0,0,0,0
5045,1100,1660,0,0,,0,0,0,0
5046,1100,1661,0,0,,0,0,0,0
5047,1200,1662,0,0,,0,0,0,0
5048,1100,1663,0,0,,0,0,0,0
5050,1100,1664,0,0,,0,0,0,0
5051,1200,1665,0,0,,0,0,0,0
5053,1200,1666,0,0,,0,0,0,0
5055,1400,1667,0,0,,0,0,0,0
5056,1200,1668,0,0,,0,0,0,0
5057,1100,1669,0,0,,0,0,0,0
5058,1100,1670,0,0,,0,0,0,0
5059,1200,1671,0,0,,0,0,0,0
5060,1100,1672,0,0,,0,0,0,0
5062,1100,1673,0,0,,0,0,0,0
5066,1200,1674,0,0,,0,0,0,0
5067,1100,1675,0,0,,0,0,0,0
5068,1100,1676,0,0,,0,0,0,0
5074,1200,1680,0,0,,0,0,0,0
5075,1100,1681,0,0,,0,0,0,0
5077,1100,1682,0,0,,0,0,0,0
5080,1100,1683,0,0,,0,0,0,0
5084,1300,1684,0,0,,0,0,0,0
5085,1200,1685,0,0,,0,0,0,0
5087,1200,1686,0,0,,0,0,0,0
5089,1200,1687,0,0,,0,0,0,0
5090,1100,1688,0,0,,0,0,0,0
5091,1200,1689,0,0,,0,0,0,0
5092,1300,1690,0,0,,0,0,0,0
5093,1200,1691,0,0,,0,0,0,0
5096,1300,1692,0,0,,0,0,0,0
5097,1200,1693,0,0,,0,0,0,0
5098,1300,1694,0,0,,0,0,0,0
5099,1300,1695,0,0,,0,0,0,0
5100,1300,1696,0,0,,0,0,0,0
5166,1100,1716,0,0,,0,0,0,0
5167,1000,1717,0,0,,0,0,0,0
5174,1300,1718,0,0,,0,0,0,0
5175,1300,1719,0,0,,0,0,0,0
5177,1000,1720,0,0,,0,0,0,0
5101,1300,1697,0,0,,0,0,0,0
5103,1300,1698,0,0,,0,0,0,0
5104,1300,1699,0,0,,0,0,0,0
5105,1300,1700,0,0,,0,0,0,0
5108,1100,1701,0,0,,0,0,0,0
5109,1300,1702,0,0,,0,0,0,0
5111,1300,1703,0,0,,0,0,0,0
5186,1000,1721,0,0,,0,0,0,0
5190,1000,1722,0,0,,0,0,0,0
5191,1100,1723,0,0,,0,0,0,0
5237,1100,1736,0,0,,0,0,0,0
5349,1000,1758,0,0,,0,0,0,0
5351,1000,1759,0,0,,0,0,0,0
5352,1000,1760,0,0,,0,0,0,0
5356,1000,1761,0,0,,0,0,0,0
5782,1000,1785,0,0,,0,0,0,0
5783,1000,1786,0,0,,0,0,0,0
5112,1400,1704,0,0,,0,0,0,0
5119,1300,1705,0,0,,0,0,0,0
5123,1300,1706,0,0,,0,0,0,0
5125,1100,1707,0,0,,0,0,0,0
5127,1300,1708,0,0,,0,0,0,0
5132,1100,1709,0,0,,0,0,0,0
5134,1200,1710,0,0,,0,0,0,0
5135,1300,1711,0,0,,0,0,0,0
5138,1300,1712,0,0,,0,0,0,0
5159,1300,1713,0,0,,0,0,0,0
5161,1100,1714,0,0,,0,0,0,0
5163,1100,1715,0,0,,0,0,0,0
5194,1600,1724,0,0,,0,0,0,0
5198,1000,1725,0,0,,0,0,0,0
5207,1100,1726,0,0,,0,0,0,0
5208,1200,1727,0,0,,0,0,0,0
5209,1200,1728,0,0,,0,0,0,0
5212,1100,1729,0,0,,0,0,0,0
5214,1100,1730,0,0,,0,0,0,0
5216,1100,1731,0,0,,0,0,0,0
5217,1100,1732,0,0,,0,0,0,0
5220,1200,1733,0,0,,0,0,0,0
5262,1000,1737,0,0,,0,0,0,0
5267,1000,1738,0,0,,0,0,0,0
5275,1100,1739,0,0,,0,0,0,0
5280,1100,1740,0,0,,0,0,0,0
5281,1100,1741,0,0,,0,0,0,0
5283,1100,1742,0,0,,0,0,0,0
5284,1100,1743,0,0,,0,0,0,0
5285,1100,1744,0,0,,0,0,0,0
5287,1100,1745,0,0,,0,0,0,0
5288,1100,1746,0,0,,0,0,0,0
5299,1100,1747,0,0,,0,0,0,0
5302,1100,1748,0,0,,0,0,0,0
5303,1100,1749,0,0,,0,0,0,0
5305,1100,1750,0,0,,0,0,0,0
5307,1100,1751,0,0,,0,0,0,0
5311,1100,1752,0,0,,0,0,0,0
5318,1100,1753,0,0,,0,0,0,0
5320,1100,1754,0,0,,0,0,0,0
5341,1100,1755,0,0,,0,0,0,0
5342,1000,1756,0,0,,0,0,0,0
5346,1000,1757,0,0,,0,0,0,0
5357,1000,1762,0,0,,0,0,0,0
5358,1000,1763,0,0,,0,0,0,0
5494,1200,1764,0,0,,0,0,0,0
5498,1200,1765,0,0,,0,0,0,0
5505,1000,1766,0,0,,0,0,0,0
5524,1000,1767,0,0,,0,0,0,0
5556,1300,1768,0,0,,0,0,0,0
5561,1100,1769,0,0,,0,0,0,0
5567,1100,1770,0,0,,0,0,0,0
5570,1000,1771,0,0,,0,0,0,0
5571,1100,1772,0,0,,0,0,0,0
5591,1300,1773,0,0,,0,0,0,0
5613,1300,1774,0,0,,0,0,0,0
5651,1000,1775,0,0,,0,0,0,0
5661,1000,1776,0,0,,0,0,0,0
5668,1000,1777,0,0,,0,0,0,0
5697,1300,1778,0,0,,0,0,0,0
5706,1000,1779,0,0,,0,0,0,0
5745,1000,1780,0,0,,0,0,0,0
5746,1000,1781,0,0,,0,0,0,0
5753,1100,1782,0,0,,0,0,0,0
5756,1000,1783,0,0,,0,0,0,0
5779,800,1784,0,0,,0,0,0,0
5805,1000,1787,0,0,,0,0,0,0
5813,1000,1788,0,0,,0,0,0,0
5814,1000,1789,0,0,,0,0,0,0
5831,1200,1790,0,0,,0,0,0,0
5834,1000,1791,0,0,,0,0,0,0
5837,1000,1792,0,0,,0,0,0,0
5842,1000,1793,0,0,,0,0,0,0
5849,1000,1794,0,0,,0,0,0,0
5850,1000,1795,0,0,,0,0,0,0
5851,900,1796,0,0,,0,0,0,0
5858,1000,1797,0,0,,0,0,0,0
5876,1000,1798,0,0,,0,0,0,0
5897,1000,1799,0,0,,0,0,0,0
5902,1000,1800,0,0,,0,0,0,0
5936,900,1801,0,0,,0,0,0,0
5937,1400,1802,0,0,,0,0,0,0
5953,1000,1803,0,0,,0,0,0,0
5965,1200,1804,0,0,,0,0,0,0
5972,900,1805,0,0,,0,0,0,0
6005,1000,1806,0,0,,0,0,0,0
6009,900,1807,0,0,,0,0,0,0
6010,1300,1808,0,0,,0,0,0,0
6011,1000,1809,0,0,,0,0,0,0
6013,1000,1810,0,0,,0,0,0,0
6020,800,1811,0,0,,0,0,0,0
6021,1100,1812,0,0,,0,0,0,0
6023,1000,1813,0,0,,0,0,0,0
6028,800,1814,0,0,,0,0,0,0
6032,1000,1815,0,0,,0,0,0,0
6036,1000,1816,0,0,,0,0,0,0
6040,800,1817,0,0,,0,0,0,0
6049,1000,1818,0,0,,0,0,0,0
6051,1000,1819,0,0,,0,0,0,0
6072,1000,1820,0,0,,0,0,0,0
6075,1000,1821,0,0,,0,0,0,0
6094,1000,1822,0,0,,0,0,0,0
6095,1000,1823,0,0,,0,0,0,0
6096,1000,1824,0,0,,0,0,0,0
6105,1000,1825,0,0,,0,0,0,0
6143,800,1826,0,0,,0,0,0,0
6144,800,1827,0,0,,0,0,0,0
6145,1100,1828,0,0,,0,0,0,0
6155,800,1829,0,0,,0,0,0,0
6156,800,1830,0,0,,0,0,0,0
6160,1100,1831,0,0,,0,0,0,0
6167,1100,1832,0,0,,0,0,0,0
6169,1000,1833,0,0,,0,0,0,0
6174,800,1834,0,0,,0,0,0,0
6177,1100,1835,0,0,,0,0,0,0
6180,1000,1836,0,0,,0,0,0,0
6193,1100,1837,0,0,,0,0,0,0
6222,1000,1838,0,0,,0,0,0,0
6234,1000,1839,0,0,,0,0,0,0
6248,1100,1840,0,0,,0,0,0,0
6265,900,1841,0,0,,0,0,0,0
6270,800,1842,0,0,,0,0,0,0
6285,1000,1843,0,0,,0,0,0,0
6290,800,1844,0,0,,0,0,0,0
6294,1000,1845,0,0,,0,0,0,0
6302,900,1846,0,0,,0,0,0,0
6304,1100,1847,0,0,,0,0,0,0
6314,1100,1848,0,0,,0,0,0,0
6327,800,1849,0,0,,0,0,0,0
6332,1000,1850,0,0,,0,0,0,0
6337,900,1851,0,0,,0,0,0,0
6339,1100,1852,0,0,,0,0,0,0
6340,1000,1853,0,0,,0,0,0,0
6344,900,1854,0,0,,0,0,0,0
6345,900,1855,0,0,,0,0,0,0
6354,1100,1856,0,0,,0,0,0,0
6356,1000,1857,0,0,,0,0,0,0
6357,1000,1858,0,0,,0,0,0,0
6365,1000,1859,0,0,,0,0,0,0
6372,1000,1860,0,0,,0,0,0,0
6377,900,1861,0,0,,0,0,0,0
6379,1000,1862,0,0,,0,0,0,0
6380,1000,1863,0,0,,0,0,0,0
6381,1000,1864,0,0,,0,0,0,0
6384,900,1865,0,0,,0,0,0,0
6385,900,1866,0,0,,0,0,0,0
6388,1000,1867,0,0,,0,0,0,0
6389,900,1868,0,0,,0,0,0,0
6392,1000,1869,0,0,,0,0,0,0
6393,1000,1870,0,0,,0,0,0,0
6400,1000,1871,0,0,,0,0,0,0
6409,1000,1872,0,0,,0,0,0,0
6418,800,1873,0,0,,0,0,0,0
6425,1000,1874,0,0,,0,0,0,0
6428,900,1875,0,0,,0,0,0,0
6433,1000,1876,0,0,,0,0,0,0
6434,1000,1877,0,0,,0,0,0,0
6439,900,1878,0,0,,0,0,0,0
6440,800,1879,0,0,,0,0,0,0
6446,1000,1880,0,0,,0,0,0,0
6454,900,1881,0,0,,0,0,0,0
6457,800,1882,0,0,,0,0,0,0
6462,800,1883,0,0,,0,0,0,0
6463,1400,1884,0,0,,0,0,0,0
6466,1000,1885,0,0,,0,0,0,0
6473,900,1886,0,0,,0,0,0,0
6474,800,1887,0,0,,0,0,0,0
6475,1100,1888,0,0,,0,0,0,0
6482,900,1889,0,0,,0,0,0,0
6483,900,1890,0,0,,0,0,0,0
6484,900,1891,0,0,,0,0,0,0
6485,900,1892,0,0,,0,0,0,0
6486,1100,1893,0,0,,0,0,0,0
6491,1000,1894,0,0,,0,0,0,0
6492,1000,1895,0,0,,0,0,0,0
6493,1000,1896,0,0,,0,0,0,0
6497,900,1897,0,0,,0,0,0,0
6500,1300,1898,0,0,,0,0,0,0
6504,800,1899,0,0,,0,0,0,0
6510,900,1900,0,0,,0,0,0,0
6511,900,1901,0,0,,0,0,0,0
6520,1000,1902,0,0,,0,0,0,0
6521,1000,1903,0,0,,0,0,0,0
6522,1000,1904,0,0,,0,0,0,0
6524,900,1905,0,0,,0,0,0,0
6525,900,1906,0,0,,0,0,0,0
6527,800,1907,0,0,,0,0,0,0
6528,1300,1908,0,0,,0,0,0,0
6529,1300,1909,0,0,,0,0,0,0
6530,1100,1910,0,0,,0,0,0,0
6541,1000,1911,0,0,,0,0,0,0
6542,1000,1912,0,0,,0,0,0,0
6545,900,1913,0,0,,0,0,0,0
6546,900,1914,0,0,,0,0,0,0
6547,900,1915,0,0,,0,0,0,0
6548,1100,1916,0,0,,0,0,0,0
6549,1100,1917,0,0,,0,0,0,0
6552,1000,1918,0,0,,0,0,0,0
6558,900,1919,0,0,,0,0,0,0
6559,1100,1920,0,0,,0,0,0,0
6560,1100,1921,0,0,,0,0,0,0
6567,1300,1922,0,0,,0,0,0,0
6577,1000,1923,0,0,,0,0,0,0
6596,900,1924,0,0,,0,0,0,0
6597,900,1925,0,0,,0,0,0,0
6604,900,1926,0,0,,0,0,0,0
6607,800,1927,0,0,,0,0,0,0
6612,1000,1928,0,0,,0,0,0,0
6638,1000,1929,0,0,,0,0,0,0
6639,1000,1930,0,0,,0,0,0,0
6640,1000,1931,0,0,,0,0,0,0
6645,800,1932,0,0,,0,0,0,0
6646,800,1933,0,0,,0,0,0,0
6657,1000,1934,0,0,,0,0,0,0
6658,1000,1935,0,0,,0,0,0,0
6766,1000,1966,0,0,,0,0,0,0
6769,900,1967,0,0,,0,0,0,0
6660,900,1936,0,0,,0,0,0,0
6661,900,1937,0,0,,0,0,0,0
6663,1000,1938,0,0,,0,0,0,0
6667,900,1939,0,0,,0,0,0,0
6676,900,1940,0,0,,0,0,0,0
6687,900,1941,0,0,,0,0,0,0
6688,900,1942,0,0,,0,0,0,0
6689,800,1943,0,0,,0,0,0,0
6694,900,1944,0,0,,0,0,0,0
6697,1000,1945,0,0,,0,0,0,0
6700,900,1946,0,0,,0,0,0,0
6706,1000,1947,0,0,,0,0,0,0
6707,1000,1948,0,0,,0,0,0,0
6709,900,1949,0,0,,0,0,0,0
6713,1000,1950,0,0,,0,0,0,0
6717,900,1951,0,0,,0,0,0,0
6720,800,1952,0,0,,0,0,0,0
6721,1200,1953,0,0,,0,0,0,0
6723,1000,1954,0,0,,0,0,0,0
6727,900,1955,0,0,,0,0,0,0
6735,1000,1956,0,0,,0,0,0,0
6737,900,1957,0,0,,0,0,0,0
6743,900,1958,0,0,,0,0,0,0
6744,900,1959,0,0,,0,0,0,0
6751,900,1960,0,0,,0,0,0,0
6752,1400,1961,0,0,,0,0,0,0
6753,1100,1962,0,0,,0,0,0,0
6756,1000,1963,0,0,,0,0,0,0
6757,1000,1964,0,0,,0,0,0,0
6762,800,1965,0,0,,0,0,0,0
6772,1000,1968,0,0,,0,0,0,0
6778,1000,1969,0,0,,0,0,0,0
6783,1400,1970,0,0,,0,0,0,0
6789,1100,1971,0,0,,0,0,0,0
6795,900,1972,0,0,,0,0,0,0
6806,1000,1973,0,0,,0,0,0,0
6807,900,1974,0,0,,0,0,0,0
6808,900,1975,0,0,,0,0,0,0
6809,1400,1976,0,0,,0,0,0,0
6812,1100,1977,0,0,,0,0,0,0
6818,1100,1978,0,0,,0,0,0,0
6826,1000,1979,0,0,,0,0,0,0
6833,1000,1980,0,0,,0,0,0,0
6834,1000,1981,0,0,,0,0,0,0
6835,1000,1982,0,0,,0,0,0,0
6836,900,1983,0,0,,0,0,0,0
6838,900,1984,0,0,,0,0,0,0
6839,1200,1985,0,0,,0,0,0,0
6843,1000,1986,0,0,,0,0,0,0
6844,1400,1987,0,0,,0,0,0,0
6845,1400,1988,0,0,,0,0,0,0
6851,1000,1989,0,0,,0,0,0,0
6852,1000,1990,0,0,,0,0,0,0
6859,1000,1991,0,0,,0,0,0,0
6877,1200,1992,0,0,,0,0,0,0
6878,1100,1993,0,0,,0,0,0,0
6886,1200,1994,0,0,,0,0,0,0
6889,1000,1995,0,0,,0,0,0,0
6890,1000,1996,0,0,,0,0,0,0
6895,1000,1997,0,0,,0,0,0,0
6897,1300,1998,0,0,,0,0,0,0
6902,1000,1999,0,0,,0,0,0,0
6904,800,2000,0,0,,0,0,0,0
6907,1000,2001,0,0,,0,0,0,0
6917,1000,2002,0,0,,0,0,0,0
6919,1300,2003,0,0,,0,0,0,0
6925,1000,2004,0,0,,0,0,0,0
6927,1000,2005,0,0,,0,0,0,0
6931,1600,2006,0,0,,0,0,0,0
6934,1000,2007,0,0,,0,0,0,0
6984,1300,2020,0,0,,0,0,0,0
6985,1400,2021,0,0,,0,0,0,0
6986,1300,2022,0,0,,0,0,0,0
6998,1000,2023,0,0,,0,0,0,0
7008,900,2024,0,0,,0,0,0,0
7011,1000,2025,0,0,,0,0,0,0
7013,900,2026,0,0,,0,0,0,0
7014,1200,2027,0,0,,0,0,0,0
7015,1300,2028,0,0,,0,0,0,0
7019,900,2029,0,0,,0,0,0,0
7024,800,2030,0,0,,0,0,0,0
7026,1200,2031,0,0,,0,0,0,0
7029,1200,2032,0,0,,0,0,0,0
7030,1000,2033,0,0,,0,0,0,0
7031,1200,2034,0,0,,0,0,0,0
7032,1000,2035,0,0,,0,0,0,0
7039,900,2036,0,0,,0,0,0,0
7041,900,2037,0,0,,0,0,0,0
7047,1000,2038,0,0,,0,0,0,0
7051,1000,2039,0,0,,0,0,0,0
7053,900,2040,0,0,,0,0,0,0
7056,1000,2041,0,0,,0,0,0,0
6939,1500,2008,0,0,,0,0,0,0
6943,1000,2009,0,0,,0,0,0,0
6950,1000,2010,0,0,,0,0,0,0
6953,1000,2011,0,0,,0,0,0,0
6954,1300,2012,0,0,,0,0,0,0
6956,1000,2013,0,0,,0,0,0,0
6963,1000,2014,0,0,,0,0,0,0
6965,1000,2015,0,0,,0,0,0,0
6978,1000,2016,0,0,,0,0,0,0
6981,800,2017,0,0,,0,0,0,0
6982,1200,2018,0,0,,0,0,0,0
6983,1200,2019,0,0,,0,0,0,0
7063,1100,2042,0,0,,0,0,0,0
7064,1000,2043,0,0,,0,0,0,0
7070,1000,2044,0,0,,0,0,0,0
7078,1000,2045,0,0,,0,0,0,0
7082,800,2046,0,0,,0,0,0,0
7083,1000,2047,0,0,,0,0,0,0
7085,1000,2048,0,0,,0,0,0,0
7086,1000,2049,0,0,,0,0,0,0
7089,800,2050,0,0,,0,0,0,0
7090,1600,2051,0,0,,0,0,0,0
7095,1000,2052,0,0,,0,0,0,0
7096,1000,2053,0,0,,0,0,0,0
7104,1000,2054,0,0,,0,0,0,0
7105,1000,2055,0,0,,0,0,0,0
7116,900,2056,0,0,,0,0,0,0
7123,1000,2057,0,0,,0,0,0,0
7126,800,2058,0,0,,0,0,0,0
7132,1100,2059,0,0,,0,0,0,0
7139,1000,2060,0,0,,0,0,0,0
7143,800,2061,0,0,,0,0,0,0
7144,1200,2062,0,0,,0,0,0,0
7147,800,2063,0,0,,0,0,0,0
7148,1200,2064,0,0,,0,0,0,0
7153,1100,2065,0,0,,0,0,0,0
7155,1100,2066,0,0,,0,0,0,0
7175,800,2067,0,0,,0,0,0,0
7180,800,2068,0,0,,0,0,0,0
7181,1200,2069,0,0,,0,0,0,0
7186,1000,2070,0,0,,0,0,0,0
7193,800,2071,0,0,,0,0,0,0
7197,1000,2072,0,0,,0,0,0,0
7198,1000,2073,0,0,,0,0,0,0
7212,1000,2074,0,0,,0,0,0,0
7213,1000,2075,0,0,,0,0,0,0
7218,1000,2076,0,0,,0,0,0,0
7219,1000,2077,0,0,,0,0,0,0
7221,900,2078,0,0,,0,0,0,0
7222,900,2079,0,0,,0,0,0,0
7235,1200,2080,0,0,,0,0,0,0
7236,1100,2081,0,0,,0,0,0,0
7241,1100,2082,0,0,,0,0,0,0
7245,1000,2083,0,0,,0,0,0,0
7246,1300,2084,0,0,,0,0,0,0
7254,1200,2085,0,0,,0,0,0,0
7259,1000,2086,0,0,,0,0,0,0
7265,1000,2087,0,0,,0,0,0,0
7276,1000,2088,0,0,,0,0,0,0
7277,800,2089,0,0,,0,0,0,0
7279,1000,2090,0,0,,0,0,0,0
7280,1000,2091,0,0,,0,0,0,0
7281,800,2092,0,0,,0,0,0,0
7282,800,2093,0,0,,0,0,0,0
7285,800,2094,0,0,,0,0,0,0
7287,1100,2095,0,0,,0,0,0,0
7290,1100,2096,0,0,,0,0,0,0
7291,1000,2097,0,0,,0,0,0,0
7293,1000,2098,0,0,,0,0,0,0
7296,1000,2099,0,0,,0,0,0,0
7300,1000,2100,0,0,,0,0,0,0
7303,800,2101,0,0,,0,0,0,0
7305,1000,2102,0,0,,0,0,0,0
7308,1100,2103,0,0,,0,0,0,0
7310,900,2104,0,0,,0,0,0,0
7311,800,2105,0,0,,0,0,0,0
7316,900,2106,0,0,,0,0,0,0
7318,1200,2107,0,0,,0,0,0,0
7320,1100,2108,0,0,,0,0,0,0
7321,1000,2109,0,0,,0,0,0,0
7322,900,2110,0,0,,0,0,0,0
7323,800,2111,0,0,,0,0,0,0
7324,800,2112,0,0,,0,0,0,0
7329,1000,2113,0,0,,0,0,0,0
7331,1000,2114,0,0,,0,0,0,0
7335,800,2115,0,0,,0,0,0,0
7338,1000,2116,0,0,,0,0,0,0
7339,1000,2117,0,0,,0,0,0,0
7340,1000,2118,0,0,,0,0,0,0
7341,1000,2119,0,0,,0,0,0,0
7344,900,2120,0,0,,0,0,0,0
7349,1000,2121,0,0,,0,0,0,0
7350,900,2122,0,0,,0,0,0,0
7351,900,2123,0,0,,0,0,0,0
7353,800,2124,0,0,,0,0,0,0
7359,1000,2125,0,0,,0,0,0,0
7361,900,2126,0,0,,0,0,0,0
7362,1100,2127,0,0,,0,0,0,0
7452,800,2154,0,0,,0,0,0,0
7363,1200,2128,0,0,,0,0,0,0
7364,1200,2129,0,0,,0,0,0,0
7368,1000,2130,0,0,,0,0,0,0
7370,900,2131,0,0,,0,0,0,0
7374,1000,2132,0,0,,0,0,0,0
7375,1000,2133,0,0,,0,0,0,0
7380,900,2134,0,0,,0,0,0,0
7381,900,2135,0,0,,0,0,0,0
7383,800,2136,0,0,,0,0,0,0
7384,1200,2137,0,0,,0,0,0,0
7385,1500,2138,0,0,,0,0,0,0
7390,1000,2139,0,0,,0,0,0,0
7393,800,2140,0,0,,0,0,0,0
7394,800,2141,0,0,,0,0,0,0
7395,1000,2142,0,0,,0,0,0,0
7402,900,2143,0,0,,0,0,0,0
7416,1000,2144,0,0,,0,0,0,0
7420,800,2145,0,0,,0,0,0,0
7421,1200,2146,0,0,,0,0,0,0
7430,1000,2147,0,0,,0,0,0,0
7431,1100,2148,0,0,,0,0,0,0
7434,900,2149,0,0,,0,0,0,0
7435,900,2150,0,0,,0,0,0,0
7436,800,2151,0,0,,0,0,0,0
7442,1000,2152,0,0,,0,0,0,0
7447,800,2153,0,0,,0,0,0,0
7453,1100,2155,0,0,,0,0,0,0
7455,1000,2156,0,0,,0,0,0,0
7458,1100,2157,0,0,,0,0,0,0
7462,800,2158,0,0,,0,0,0,0
7467,1000,2159,0,0,,0,0,0,0
7469,1000,2160,0,0,,0,0,0,0
7471,1000,2161,0,0,,0,0,0,0
7475,1000,2162,0,0,,0,0,0,0
7479,1000,2163,0,0,,0,0,0,0
7480,1000,2164,0,0,,0,0,0,0
7481,900,2165,0,0,,0,0,0,0
7482,1000,2166,0,0,,0,0,0,0
7484,1300,2167,0,0,,0,0,0,0
7485,1000,2168,0,0,,0,0,0,0
7486,1000,2169,0,0,,0,0,0,0
7489,1000,2170,0,0,,0,0,0,0
7491,1000,2171,0,0,,0,0,0,0
7493,800,2172,0,0,,0,0,0,0
7494,1300,2173,0,0,,0,0,0,0
7495,1300,2174,0,0,,0,0,0,0
7496,1600,2175,0,0,,0,0,0,0
7497,1000,2176,0,0,,0,0,0,0
7498,1100,2177,0,0,,0,0,0,0
7500,1000,2178,0,0,,0,0,0,0
7503,1000,2179,0,0,,0,0,0,0
7504,1000,2180,0,0,,0,0,0,0
7505,1000,2181,0,0,,0,0,0,0
7507,1000,2182,0,0,,0,0,0,0
7512,1000,2183,0,0,,0,0,0,0
7515,1000,2184,0,0,,0,0,0,0
7516,1000,2185,0,0,,0,0,0,0
7517,1100,2186,0,0,,0,0,0,0
7568,1000,2219,0,0,,0,0,0,0
7518,1000,2187,0,0,,0,0,0,0
7521,1300,2188,0,0,,0,0,0,0
7523,1100,2189,0,0,,0,0,0,0
7524,1000,2190,0,0,,0,0,0,0
7526,1000,2191,0,0,,0,0,0,0
7528,1000,2192,0,0,,0,0,0,0
7529,1000,2193,0,0,,0,0,0,0
7530,1000,2194,0,0,,0,0,0,0
7531,1100,2195,0,0,,0,0,0,0
7532,1000,2196,0,0,,0,0,0,0
7533,1000,2197,0,0,,0,0,0,0
7536,1000,2198,0,0,,0,0,0,0
7537,1000,2199,0,0,,0,0,0,0
7539,1300,2200,0,0,,0,0,0,0
7540,1100,2201,0,0,,0,0,0,0
7542,1000,2202,0,0,,0,0,0,0
7543,1000,2203,0,0,,0,0,0,0
7547,900,2204,0,0,,0,0,0,0
7549,1000,2205,0,0,,0,0,0,0
7550,1000,2206,0,0,,0,0,0,0
7551,1000,2207,0,0,,0,0,0,0
7552,1000,2208,0,0,,0,0,0,0
7553,1000,2209,0,0,,0,0,0,0
7554,1300,2210,0,0,,0,0,0,0
7556,1000,2211,0,0,,0,0,0,0
7558,1000,2212,0,0,,0,0,0,0
7559,1000,2213,0,0,,0,0,0,0
7561,1000,2214,0,0,,0,0,0,0
7562,1000,2215,0,0,,0,0,0,0
7563,1000,2216,0,0,,0,0,0,0
7565,1000,2217,0,0,,0,0,0,0
7567,1000,2218,0,0,,0,0,0,0
7569,1000,2220,0,0,,0,0,0,0
7571,1000,2221,0,0,,0,0,0,0
7572,1100,2222,0,0,,0,0,0,0
7573,1500,2223,0,0,,0,0,0,0
7574,1300,2224,0,0,,0,0,0,0
7575,1000,2225,0,0,,0,0,0,0
7576,1000,2226,0,0,,0,0,0,0
7578,1100,2227,0,0,,0,0,0,0
7579,1000,2228,0,0,,0,0,0,0
7580,1000,2229,0,0,,0,0,0,0
7581,1000,2230,0,0,,0,0,0,0
7582,1000,2231,0,0,,0,0,0,0
7587,1300,2232,0,0,,0,0,0,0
7588,1100,2233,0,0,,0,0,0,0
7590,1000,2234,0,0,,0,0,0,0
7593,1000,2235,0,0,,0,0,0,0
7594,1300,2236,0,0,,0,0,0,0
7595,1100,2237,0,0,,0,0,0,0
7596,1000,2238,0,0,,0,0,0,0
7599,1000,2239,0,0,,0,0,0,0
7600,1000,2240,0,0,,0,0,0,0
7601,1500,2241,0,0,,0,0,0,0
7602,1100,2242,0,0,,0,0,0,0
7606,1000,2243,0,0,,0,0,0,0
7607,1000,2244,0,0,,0,0,0,0
7611,1000,2245,0,0,,0,0,0,0
7614,1000,2246,0,0,,0,0,0,0
7615,1000,2247,0,0,,0,0,0,0
7616,1400,2248,0,0,,0,0,0,0
7619,1000,2249,0,0,,0,0,0,0
7620,900,2250,0,0,,0,0,0,0
7621,1000,2251,0,0,,0,0,0,0
7623,1100,2252,0,0,,0,0,0,0
7626,1000,2253,0,0,,0,0,0,0
7629,1000,2254,0,0,,0,0,0,0
7630,1000,2255,0,0,,0,0,0,0
7631,1000,2256,0,0,,0,0,0,0
7635,1000,2257,0,0,,0,0,0,0
7638,1300,2258,0,0,,0,0,0,0
7639,1100,2259,0,0,,0,0,0,0
7640,1000,2260,0,0,,0,0,0,0
7648,1100,2261,0,0,,0,0,0,0
7649,1100,2262,0,0,,0,0,0,0
7650,1000,2263,0,0,,0,0,0,0
7657,1000,2264,0,0,,0,0,0,0
7658,1000,2265,0,0,,0,0,0,0
7663,1000,2266,0,0,,0,0,0,0
7664,1400,2267,0,0,,0,0,0,0
7665,2000,2268,0,0,,0,0,0,0
7669,1300,2269,0,0,,0,0,0,0
7670,1000,2270,0,0,,0,0,0,0
7677,1300,2271,0,0,,0,0,0,0
7678,1100,2272,0,0,,0,0,0,0
7683,1000,2273,0,0,,0,0,0,0
7685,1000,2274,0,0,,0,0,0,0
7686,1000,2275,0,0,,0,0,0,0
7688,1000,2276,0,0,,0,0,0,0
7691,1000,2277,0,0,,0,0,0,0
7693,1300,2278,0,0,,0,0,0,0
7700,1000,2279,0,0,,0,0,0,0
7701,1000,2280,0,0,,0,0,0,0
7709,1000,2281,0,0,,0,0,0,0
7710,900,2282,0,0,,0,0,0,0
7711,1000,2283,0,0,,0,0,0,0
7712,1000,2284,0,0,,0,0,0,0
7714,900,2285,0,0,,0,0,0,0
7715,1000,2286,0,0,,0,0,0,0
7716,1200,2287,0,0,,0,0,0,0
7717,1100,2288,0,0,,0,0,0,0
7718,1200,2289,0,0,,0,0,0,0
7719,1000,2290,0,0,,0,0,0,0
7730,900,2291,0,0,,0,0,0,0
7732,1000,2292,0,0,,0,0,0,0
7736,900,2293,0,0,,0,0,0,0
7737,2000,2294,0,0,,0,0,0,0
7738,1200,2295,0,0,,0,0,0,0
7743,1200,2296,0,0,,0,0,0,0
7744,1600,2297,0,0,,0,0,0,0
7748,900,2298,0,0,,0,0,0,0
7756,900,2299,0,0,,0,0,0,0
7757,800,2300,0,0,,0,0,0,0
7758,1000,2301,0,0,,0,0,0,0
7762,2300,2302,0,0,,0,0,0,0
7765,1100,2303,0,0,,0,0,0,0
7767,2300,2304,0,0,,0,0,0,0
7773,1300,2305,0,0,,0,0,0,0
7777,1400,2306,0,0,,0,0,0,0
7785,1000,2307,0,0,,0,0,0,0
7789,1400,2308,0,0,,0,0,0,0
7791,1000,2309,0,0,,0,0,0,0
7792,1000,2310,0,0,,0,0,0,0
7794,1000,2311,0,0,,0,0,0,0
7802,1000,2312,0,0,,0,0,0,0
7803,1000,2313,0,0,,0,0,0,0
7806,1000,2314,0,0,,0,0,0,0
7809,1000,2315,0,0,,0,0,0,0
7816,900,2316,0,0,,0,0,0,0
7818,1100,2317,0,0,,0,0,0,0
7983,1200,2382,0,0,,0,0,0,0
7819,2300,2318,0,0,,0,0,0,0
7822,900,2319,0,0,,0,0,0,0
7826,1000,2320,0,0,,0,0,0,0
7830,1100,2321,0,0,,0,0,0,0
7831,2000,2322,0,0,,0,0,0,0
7833,1300,2323,0,0,,0,0,0,0
7838,900,2324,0,0,,0,0,0,0
7840,1000,2325,0,0,,0,0,0,0
7843,900,2326,0,0,,0,0,0,0
7848,1200,2327,0,0,,0,0,0,0
7851,900,2328,0,0,,0,0,0,0
7853,900,2329,0,0,,0,0,0,0
7855,1300,2330,0,0,,0,0,0,0
7859,900,2331,0,0,,0,0,0,0
7860,1200,2332,0,0,,0,0,0,0
7862,1000,2333,0,0,,0,0,0,0
7864,1000,2334,0,0,,0,0,0,0
7865,800,2335,0,0,,0,0,0,0
7867,900,2336,0,0,,0,0,0,0
7868,900,2337,0,0,,0,0,0,0
7870,1000,2338,0,0,,0,0,0,0
7877,1000,2339,0,0,,0,0,0,0
7878,1000,2340,0,0,,0,0,0,0
7978,1300,2380,0,0,,0,0,0,0
7880,1300,2341,0,0,,0,0,0,0
7881,1200,2342,0,0,,0,0,0,0
7882,1100,2343,0,0,,0,0,0,0
7886,900,2344,0,0,,0,0,0,0
7891,900,2345,0,0,,0,0,0,0
7892,1000,2346,0,0,,0,0,0,0
7895,900,2347,0,0,,0,0,0,0
7896,1200,2348,0,0,,0,0,0,0
7897,1100,2349,0,0,,0,0,0,0
7898,1300,2350,0,0,,0,0,0,0
7905,1100,2351,0,0,,0,0,0,0
7906,1300,2352,0,0,,0,0,0,0
7909,1000,2353,0,0,,0,0,0,0
7911,1200,2354,0,0,,0,0,0,0
7914,800,2355,0,0,,0,0,0,0
7915,1100,2356,0,0,,0,0,0,0
7916,1100,2357,0,0,,0,0,0,0
7917,1200,2358,0,0,,0,0,0,0
7918,1600,2359,0,0,,0,0,0,0
7922,1000,2360,0,0,,0,0,0,0
7926,800,2361,0,0,,0,0,0,0
7927,1000,2362,0,0,,0,0,0,0
7935,1200,2363,0,0,,0,0,0,0
7938,1100,2364,0,0,,0,0,0,0
7943,800,2365,0,0,,0,0,0,0
7944,1200,2366,0,0,,0,0,0,0
7947,1200,2367,0,0,,0,0,0,0
7953,1300,2368,0,0,,0,0,0,0
7954,900,2369,0,0,,0,0,0,0
7959,1100,2370,0,0,,0,0,0,0
7964,1000,2371,0,0,,0,0,0,0
7965,1000,2372,0,0,,0,0,0,0
7967,1200,2373,0,0,,0,0,0,0
7968,1200,2374,0,0,,0,0,0,0
7969,1100,2375,0,0,,0,0,0,0
7970,1000,2376,0,0,,0,0,0,0
7971,1000,2377,0,0,,0,0,0,0
7972,1000,2378,0,0,,0,0,0,0
7975,1200,2379,0,0,,0,0,0,0
7979,1200,2381,0,0,,0,0,0,0
7984,1100,2383,0,0,,0,0,0,0
7985,1100,2384,0,0,,0,0,0,0
7986,1000,2385,0,0,,0,0,0,0
7987,1000,2386,0,0,,0,0,0,0
7989,1100,2387,0,0,,0,0,0,0
7992,1200,2388,0,0,,0,0,0,0
7995,1100,2389,0,0,,0,0,0,0
7998,1100,2390,0,0,,0,0,0,0
8000,1000,2391,0,0,,0,0,0,0
8002,1100,2392,0,0,,0,0,0,0
8003,1100,2393,0,0,,0,0,0,0
8006,1100,2394,0,0,,0,0,0,0
8007,1200,2395,0,0,,0,0,0,0
8008,1100,2396,0,0,,0,0,0,0
800